Воблеры;13208;GS Набор Predator (2поводка.4 воблера в коробке);;;;1;5999018287969;3.32;;137
Воблеры;13251;Балансир EOS;;;;51;2000000132518;1.33;;49
Воблеры;13505;Воблер Jackall Tiny Fry 50SP 50мм 2.7г HL Gold&Black;;;;4;4525807020649;8.01;;327
Воблеры;13506;Воблер Jackall Tiny Fry 50SP 50мм 2.7г Suji Shrimp;;;;3;4525807050141;8.01;;327
Воблеры;13507;Воблер Jackall Tiny Fry 50SP 50мм 2.7г Mat Tiger Suspending;;;;3;4525807030778;8.01;;327
Воблеры;13508;Воблер Jackall Tiny Fry 50SP 50мм 2.7г HL Fry Suspending;;;;4;4525807050158;8.01;;327
Воблеры;13509;Воблер Jackall Tiny Fry 50SP 50мм 2.7г HL Wakasagi Suspending;;;;4;4525807054149;8.01;;327
Воблеры;13510;Воблер Jackall Tiny Fry 50SP 50мм 2.7г HL Silver&Black Suspending;;;;4;4525807052831;8.01;;327
Воблеры;13511;Воблер Jackall Tiny Fry 50SP 50мм 2.7г Ghost AYU Suspending;;;;4;4525807054156;8.01;;327
Воблеры;13512;Воблер Jackall Flat Fly 50SP 50мм 2.3г Mat Tiger Sinking;;;;1;4525807047639;6.66;;272
Воблеры;13513;Воблер Jackall Flat Fly 50SP 50мм 2.3г HL Silver&Black Suspending;;;;1;4525807059663;6.66;;272
Воблеры;13514;Воблер Jackall Flat Fly 50SP 50мм 2.3г Ghost AYU Suspending;;;;1;4525807059649;6.66;;272
Воблеры;13515;Воблер Jackall Diving Chubby 38мм 4.3г HL Black;;;;1;4525807078930;8.19;;335
Воблеры;13516;Воблер Jackall Diving Chubby 38мм 4.3г Ghost Purple;;;;1;4525807078947;8.19;;335
Воблеры;13517;Воблер Jackall Diving Chubby 38мм 4.3г Brown Suji Shrimp;;;;1;4525807029024;8.19;;335
Воблеры;13518;Воблер Jackall Diving Chubby 38мм 4.3г Ghost Wakasagi;;;;1;4525807028898;8.19;;335
Воблеры;13519;Воблер Jackall Diving Chubby 38мм 4.3г Mat Black;;;;1;4525807078909;8.19;;335
Воблеры;13520;Воблер Jackall Diving Chubby 38мм 4.3г Mat Tiger Floating;;;;1;4525807028874;8.19;;335
Воблеры;13521;Воблер Jackall Cherry Zero Footer 48 48мм 7.6г Pellet Yellow Floating;;;;1;4525807078794;8.55;;350
Воблеры;13533;Воблер Jackall Cherry Zero Footer 56 56мм 11г HL Ayu Floating;;;;2;4525807038972;8.96;;366
Воблеры;13555;Воблер Jackall PANICRA MR SUKECHA PURPLE 32mm 3.3g;;;;1;4560212121437;7.74;;316
Воблеры;13534;Воблер Jackall Mud Sucker 90mm 8.2g NF HASU;;;;1;4525807034240;6.84;;280
Воблеры;13535;Воблер Jackall Mud Sucker 90mm 8.2g Oikawa;;;;1;4525807013917;6.84;;280
Воблеры;13556;Воблер Jackall PANICRA MR MIST PELLET 32mm 3.3g;;;;1;4560212121482;7.74;;316
Воблеры;13536;Воблер Jackall D Cherry 55 55мм 11.2г HL AYU Floating;;;;1;4525807032260;9.09;;372
Воблеры;13537;Воблер Jackall D Cherry 55 55мм 11.2г Blue black tiger Floating;;;;1;4525807009156;9.09;;372
Воблеры;13557;"Воблер Jackall PANICRA MR IS GREEN GOLD 32mm 3.3g	";;;;1;4560212126104;7.74;;316
Воблеры;13538;Воблер Jackall D Cherry 55 55мм 11.2г Chrome tiger Floating;;;;1;4525807032307;9.09;;372
Воблеры;13559;"Воблер Jackall PANICRA MR GONTY GLOW 32mm 3.3g	";;;;1;4560212122977;7.74;;316
Воблеры;13539;Воблер Jackall Turbine 70 70мм 12.6г Noike gill Floating;;;;4;4525807041361;9.9;;404
Воблеры;13540;Воблер Jackall MITTS F OLIVE 28mm 1.5g;;;;1;4560212114392;5.58;;228
Воблеры;13560;Воблер Jackall PANICRA MR GONTY OAK 32mm 3.3g;;;;1;4560212125541;7.74;;316
Воблеры;13541;Воблер Jackall MITTS S OLIVE 28mm 1.8g;;;;1;4560212113807;5.58;;228
Воблеры;13542;Воблер Jackall MITTS S GREEN GOLD 28mm 1.8g;;;;1;4560212113845;5.58;;228
Воблеры;13561;Воблер Jackall Seiraminnow 55S 2.0гр hl wakasagi*;;;;1;4525807051889;8.51;;313
Воблеры;13543;Воблер Jackall MITTS S LIGHT BROWN 28mm 1.8g;;;;1;4560212113883;5.58;;228
Воблеры;13544;Воблер Jackall MITTS S MIST PELLET 28mm 1.8g;;;;1;4560212121789;5.58;;228
Воблеры;13562;Воблер Jackall Seiraminnow 55S 2.0гр shirasu*;;;;1;4525807051841;8.51;;313
Воблеры;13545;Воблер Jackall MITTS SR-S OLIVE 28mm 1.8g;;;;1;4560212115757;5.58;;228
Воблеры;13546;Воблер Jackall MITTS SR-S MIST PELLET 28mm 1.8g;;;;1;4582418080806;5.58;;228
Воблеры;13547;Воблер Jackall MITTS SR-S SMOKE PELLET 28mm 1.8g;;;;1;4582418080813;5.58;;228
Воблеры;13548;Воблер Jackall MITTS SR-S SMOKE BROWN 28mm 1.8g;;;;1;4582418080820;5.58;;228
Воблеры;13549;Воблер Jackall TRICOROLL 55SP SILVER YAMAME 55mm 3.5g;;;;1;4560212111261;6.3;;258
Воблеры;13550;Воблер Jackall TRICOROLL 55SP GOLD AYU 55mm 3.5g;;;;1;4560212111278;6.48;;265
Воблеры;13564;Воблер Jackall Seiraminnow 55S 2.0гр koayu*;;;;1;4525807051827;8.51;;313
Воблеры;13551;Воблер Jackall TRICOROLL 55SP AMETHYST 55mm 3.5g;;;;2;4582418080752;6.48;;265
Воблеры;13552;Воблер Jackall TRICOROLL 55SP SILVER YAMAME 55mm 3.5g;;;;1;4560212111261;6.48;;265
Воблеры;13565;Воблер Jackall Seiraminnow 55S 2.0гр oikawa*;;;;1;4525807051865;8.51;;313
Воблеры;13553;Воблер Jackall TRICOROLL 55HW Pink YAMAME 55mm 3.5g;;;;1;4560212120980;6.48;;265
Воблеры;13554;Воблер Jackall TRICOROLL 55S White & Black YAMAME 55mm 3.5g;;;;1;4560212111339;6.48;;265
Воблеры;13566;Воблер Jackall Seiraminnow 55S 2.0гр chart back pearl*;;;;1;4525807051834;8.51;;313
Воблеры;13567;Воблер Jackall Seiraminnow 55S 2.0гр cotton shad*;;;;1;4525807051902;8.51;;313
Воблеры;13568;Воблер Jackall Squadshad 65SP 7.2гр spawn tiger;;;;2;4525807039894;10.1;;372
Воблеры;13569;Воблер Jackall Squadshad 65SP 7.2гр noike gill;;;;2;4525807039900;10.1;;372
Воблеры;13570;Воблер Jackall Squadshad 65SP 7.2гр brown suji shrimp;;;;4;4525807039924;10.1;;372
Воблеры;13571;Воблер Jackall Squadshad 65SP 7.2гр ghost G perch;;;;2;4525807067378;10.1;;372
Воблеры;13572;Воблер Jackall Squadshad 65SP 7.2гр koayu;;;;4;4525807039863;10.1;;372
Воблеры;13573;Воблер Jackall Squadshad 65SP 7.2гр oikawa;;;;2;4525807039856;10.1;;372
Воблеры;13574;Воблер Jackall Squadshad 65SP 7.2гр hl bronze blue pike;;;;2;4525807067361;10.1;;372
Воблеры;13575;Воблер Jackall Squadshad 65SP 7.2гр hl silver & black;;;;3;4525807044607;10.1;;372
Воблеры;13576;Воблер Jackall Squadshad 65SP 7.2гр hl gold & black;;;;2;4525807039917;10.1;;372
Воблеры;13577;Воблер Jackall Squadshad 65SP 7.2гр ghost ayu;;;;2;4525807039849;10.1;;372
Воблеры;13578;Воблер Jackall MIDIA 53F LASER AYU 55mm 2.8g;;;;2;4560212113487;6.48;;265
Воблеры;13580;Воблер FLAGMAN WASP 40F C18 3.5g 1.5-2.2m F;;;;1;2000016403015;2.46;;91
Воблеры;13581;Воблер FLAGMAN WASP 40F A35 3.5g 1.5-2.2m F;;;;4;2000016401011;2.46;;91
Воблеры;13582;Воблер FLAGMAN HOUSE CRANCK 45F A82 5gr 0-0.8 m;;;;2;2000018384015;2.58;;95
Воблеры;13583;Воблер FLAGMAN HOUSE CRANCK 45F C20 5gr 0-0.8 m;;;;3;2000018382011;2.58;;95
Воблеры;13584;Воблер FLAGMAN HOUSE CRANCK 45F A07 4.1gr 0-0.5 m;;;;1;2000016334012;2.58;;95
Воблеры;13585;Воблер FLAGMAN HOUSE CRANCK 45F M46 5gr 0-0.8 m;;;;1;2000018385012;2.58;;95
Воблеры;13586;Воблер FLAGMAN HOUSE CRANCK 45F F18 5gr 0-0.8 m;;;;2;2000018383018;2.58;;95
Воблеры;13587;Воблер FLAGMAN H-Cranck 60мм 11г 0-1m F S03;;;;2;2000016270013;2.41;;89
Воблеры;13588;Воблер FLAGMAN H-Cranck 60мм 11г 0-1m F B13;;;;2;2000016271010;2.41;;89
Воблеры;13589;Воблер FLAGMAN H-Cranck 60мм 11г 0-1m F M06;;;;2;2000015026017;2.41;;89
Воблеры;13590;Воблер FLAGMAN H-Cranck 60мм 11г 0-1m F M15;;;;2;2000015023016;2.41;;89
Воблеры;13591;Воблер FLAGMAN H-Cranck 60мм 11г 0-1m F 301;;;;2;2000015024013;2.41;;89
Воблеры;13592;Воблер FLAGMAN H-Cranck 60мм 11г 0-1m F A22;;;;2;2000015027014;2.41;;89
Воблеры;13593;Воблер FLAGMAN BUBLE CRANK 55F S03 8.8g 0-0.5m F;;;;3;2000016328011;2.46;;91
Воблеры;13594;Воблер FLAGMAN BUBLE CRANK 55F C18 8.8g 0-0.5m F;;;;2;2000016326017;2.46;;91
Воблеры;13595;Воблер FLAGMAN BUBLE CRANK 55F C08 8.8g 0-0.5m F;;;;1;2000016325010;2.46;;91
Воблеры;13596;Воблер FLAGMAN BUBLE CRANK 55F C20 8.8g 0-0.5m F;;;;1;2000016327014;2.46;;91
Воблеры;13597;Воблер FLAGMAN BUBLE CRANK 55F B30 8.8g 0-0.5m F;;;;1;2000016324013;2.46;;91
Воблеры;13598;Воблер FLAGMAN BUBLE CRANK 55F B13 8.8g 0-0.5m F;;;;3;2000016323016;2.46;;91
Воблеры;13599;Воблер FLAGMAN Pike Hunter 50мм 7.6г 0-1.5m F колір F06;;;;3;2000000135991;2.41;;89
Воблеры;13600;Воблер FLAGMAN Pike Hunter 50мм 7.6г 0-1.5m F колір С06;;;;3;2000015010016;2.41;;89
Воблеры;13601;Воблер FLAGMAN Pike Hunter 50мм 7.6г 0-1.5m F цвет M32;;;;3;2000016263015;2.41;;89
Воблеры;13602;Воблер FLAGMAN Pike Hunter 50мм 7.6г 0-1.5m F колір S61;;;;2;2000015011013;2.41;;89
Воблеры;13603;Воблер FLAGMAN Pike Hunter 50мм 7.6г 0-1.5m F цвет M39;;;;2;2000016264012;2.41;;89
Воблеры;13604;Воблер FLAGMAN Pike Hunter 50мм 7.6г 0-1.5m F колір A22;;;;2;2000015013017;2.41;;89
Воблеры;13605;Воблер FLAGMAN BULLET 45F C02 9080;;;;3;2000016332018;2.46;;91
Воблеры;13606;Воблер FLAGMAN BULLET 45F S03 9080;;;;3;2000016333015;2.46;;91
Воблеры;13607;Воблер FLAGMAN BULLET 45F A40 9080;;;;2;2000016330014;2.46;;91
Воблеры;13608;Воблер FLAGMAN Massive 50мм 9г 0-1.2m F колір L17;;;;3;2000015019019;2.37;;87
Воблеры;13609;Воблер FLAGMAN Big-JT 75мм 17г 2-5m F колір A22;;;;2;2000015042017;2.87;;106
Воблеры;13610;Воблер FLAGMAN Big-JT 75мм 17г 2-5m F колір  S13;;;;2;2000015043014;2.87;;106
Воблеры;13611;Воблер FLAGMAN Big-JT 75мм 17г 2-5m F колір 301;;;;2;2000015041010;2.87;;106
Воблеры;13612;Воблер FLAGMAN Big-JT 75мм 17г 2-5m F цвет E02;;;;1;2000016279016;2.87;;106
Воблеры;13613;Воблер FLAGMAN THUNDER MINNOW 80F C18 6gr 0-1m;;;;1;2000018370018;2.69;;99
Воблеры;13614;Воблер FLAGMAN FUROR MINNOW 80F S29 10g 0-1m F;;;;1;2000016348019;2.63;;97
Воблеры;13615;Воблер FLAGMAN PENCIL 80 SF C08 8.5g surface;;;;2;2000016360011;2.57;;95
Воблеры;13616;Воблер FLAGMAN PENCIL 80 SF C02 8.5g surface;;;;2;2000016359015;2.57;;95
Воблеры;13617;Воблер FLAGMAN H-minnow 80мм 10г 0-1.5m F цвет C02;;;;2;2000016280012;2.58;;95
Воблеры;13618;Воблер FLAGMAN H-minnow 80мм 10г 0-1.5m F колір A40;;;;2;2000015050012;2.58;;95
Воблеры;13619;Воблер FLAGMAN H-minnow 80мм 10г 0-1.5m F колір G1;;;;1;2000015046015;2.58;;95
Воблеры;13620;Воблер FLAGMAN RAPTOR 100VS WH003 47g VS;;;;2;2000016376012;3.5;;129
Воблеры;13621;Воблер FLAGMAN RAPTOR 100VS WH013 47g VS;;;;1;2000016377019;3.5;;129
Воблеры;13622;Воблер FLAGMAN RAPTOR 100VS WH028 47g VS;;;;2;2000016379013;3.5;;129
Воблеры;13623;Воблер FLAGMAN RAPTOR 100VS WH021 47g VS;;;;3;2000016378016;3.5;;129
Воблеры;13624;Воблер FLAGMAN B-PIKE 120F M39 20g 0-1.5m F;;;;2;2000016317015;3.15;;116
Воблеры;13625;Воблер FLAGMAN B-PIKE 120F M48 20g 0-1.5m F;;;;1;2000016318012;3.15;;116
Воблеры;13626;Воблер FLAGMAN B-PIKE 120F S56 20g 0-1.5m F;;;;1;2000016322019;3.15;;116
Воблеры;13627;Воблер FLAGMAN FLEXI PERCH 120S 300 31g 0-0.5m S;;;;1;2000016339017;5.05;;186
Воблеры;13628;Воблер FLAGMAN FLEXI PERCH 120S S23 31g 0-0.5m S;;;;1;2000016342017;5.05;;186
Воблеры;13629;Воблер FLAGMAN JERK MINNOW 100F C08 16g 0-1.5m F;;;;1;2000016351019;2.73;;100
Воблеры;13630;Воблер FLAGMAN JERK MINNOW 100F S03 16g 0-1.5m F;;;;1;2000016352016;2.73;;100
Воблеры;13631;Воблер FLAGMAN FUROR MINNOW 80F M32 10g 0-1m F;;;;2;2000016347012;2.63;;97
Воблеры;13632;Воблер Jaxon  HOLO SELECT TINGO 5.0cm KZ 170;;;;3;5900113222229;3.12;;115
Воблеры;13633;Воблер Jaxon  HOLO SELECT TINGO 5.0cm FTR 170;;;;5;5900113277649;3.12;;115
Воблеры;13634;Воблер Jaxon  HOLO SELECT TINGO 5.0cm FOM 170;;;;5;5900113247727;3.12;;115
Воблеры;13635;Воблер Jaxon  HOLO SELECT TINGO 5.0cm FON 170;;;;4;5900113247734;3.12;;115
Воблеры;13636;Воблер Jaxon  HOLO SELECT TINGO 5.0cm FOG 170;;;;4;5900113363083;3.12;;115
Воблеры;13637;Воблер Jaxon  HOLO SELECT TINGO 5.0cm FGFT 170;;;;5;5900113197084;3.12;;115
Воблеры;13638;Воблер Jaxon  HOLO SELECT TINGO 5.0cm FOB 170;;;;5;5900113197091;3.12;;115
Воблеры;13639;Воблер Jaxon  HOLO SELECT TINGO 5.0cm FNL 170;;;;5;5900113350762;3.12;;115
Воблеры;13640;Воблер Jaxon  HOLO SELECT TINGO 5.0cm FSL 170;;;;4;5900113350779;3.12;;115
Воблеры;13641;Воблер Jaxon  HOLO SELECT TINGO 3.0cm FP 170;;;;2;5900113196933;2.9;;107
Воблеры;13642;Воблер Jaxon  HOLO SELECT TINGO 3.0cm FKZ 170;;;;2;5900113222038;2.9;;107
Воблеры;13643;Воблер Jaxon  HOLO SELECT TINGO 3.0cm FOC 170;;;;5;5900113196926;2.9;;107
Воблеры;13644;Воблер Jaxon  HOLO SELECT KARAS (Карась) LIMITED EDITION 5.5cm FRT 179;;;;4;5900113291904;4;;147
Воблеры;13646;Воблер Jaxon  HOLO SELECT KARAS (Карась) LIMITED EDITION 5.5cm FDA 179;;;;1;5900113291867;4;;147
Воблеры;13647;Воблер Jaxon  HOLO SELECT KARAS (Карась) LIMITED EDITION 5.5cm FLA 179;;;;5;5900113291881;4;;147
Воблеры;13648;Воблер Strike Pro Mustang Minnow 35S 1.6гр MG-015(A09);;;;6;4712511889314;3.52;;130
Воблеры;13649;Воблер Strike Pro Mustang Minnow 35S 1.6гр MG-015(A55S);;;;4;4712511889338;3.52;;130
Воблеры;13650;Воблер Strike Pro Mustang Minnow 35S 1.6гр MG-015(327F);;;;5;4712511889253;3.52;;130
Воблеры;13651;Воблер Strike Pro Mustang Minnow 35S 1.6гр MG-015(C30);;;;5;4712511889345;3.52;;130
Воблеры;13652;Воблер Strike Pro Mustang Minnow 35S 1.6гр MG-015(274T);;;;7;4712511889260;3.52;;130
Воблеры;13653;Воблер Strike Pro Mustang Minnow 35S 1.6гр MG-015(266-713);;;;4;4712511889246;3.52;;130
Воблеры;13654;Воблер Strike Pro Mustang Minnow 35S 1.6гр MG-015(610T);;;;4;4711667566261;3.52;;130
Воблеры;13655;Воблер Strike Pro Mustang Minnow 35S 1.6гр MG-015(402);;;;5;4712511889277;3.52;;130
Воблеры;13656;Воблер Strike Pro Mustang Minnow 35S 1.6гр MG-015(A06E);;;;3;4712511889291;3.52;;130
Воблеры;13657;Воблер Strike Pro Mustang Minnow 35S 1.6гр MG-015(A17);;;;5;4712511889321;3.52;;130
Воблеры;13658;Воблер Strike Pro Supersonic joint 50F 6.1гр EG-081AJ(C30)*;;;;2;4712511889109;2.37;;87
Воблеры;13659;Воблер Strike Pro Supersonic joint 50F 6.1гр EG-081AJ(A06E)*;;;;3;4712511889055;2.37;;87
Воблеры;13660;Воблер Strike Pro Supersonic joint 50F 6.1гр EG-081AJ(263)*;;;;2;4712511888997;2.37;;87
Воблеры;13661;Воблер Strike Pro Supersonic joint 50F 6.1гр EG-081AJ(A09)*;;;;2;4712511889079;2.37;;87
Воблеры;13662;Воблер Strike Pro Supersonic joint 50F 6.1гр EG-081AJ(402)*;;;;2;4712511889024;2.37;;87
Воблеры;13663;Воблер Strike Pro Supersonic joint 50F 6.1гр EG-081AJ(274T)*;;;;1;4712511889017;2.37;;87
Воблеры;13664;Воблер Strike Pro Supersonic joint 50F 6.1гр EG-081AJ(A010)*;;;;2;4712511889031;2.37;;87
Воблеры;13665;Воблер Strike Pro Supersonic joint 50F 6.1гр EG-081AJ(A07E)*;;;;2;4712511889062;2.37;;87
Воблеры;13666;Воблер Strike Pro Supersonic joint 50F 6.1гр EG-081AJ(A05)*;;;;2;4712511889048;2.37;;87
Воблеры;13667;Воблер Strike Pro Supersonic joint 50F 6.1гр EG-081AJ(A55S)*;;;;2;4712511889093;2.37;;87
Воблеры;13668;Воблер Strike Pro Supersonic joint 50F 6.1гр EG-081AJ(327F)*;;;;2;4712511889000;2.37;;87
Воблеры;13669;Воблер Strike Pro Silver Sprat 40S 2.0гр EG-093JAL(A09)*;;;;1;4712702085570;1.77;;65
Воблеры;13670;Воблер Strike Pro Silver Sprat 40S 2.0гр EG-093JAL(A05)*;;;;1;4712702085556;1.77;;65
Воблеры;13671;Воблер Strike Pro Silver Sprat 40S 2.0гр EG-093JAL(096)*;;;;2;4712702085525;1.77;;65
Воблеры;13672;Воблер Strike Pro Silver Sprat 40S 2.0гр EG-093JAL(374)*;;;;2;4712702085549;1.77;;65
Воблеры;13673;Воблер Strike Pro Silver Sprat 40S 2.0гр EG-093JAL(IM-01)*;;;;2;4712702085594;1.77;;65
Воблеры;13674;Воблер Strike Pro Baby Pro 25F 2.0гр EG-036F(A09);;;;2;4711161822429;3.07;;113
Воблеры;13675;Воблер Strike Pro Baby Pro 25F 2.0гр EG-036F(A17);;;;1;4711161853577;3.07;;113
Воблеры;13676;Воблер Strike Pro Baby Pro 25F 2.0гр EG-036F(046);;;;2;4711021983864;3.07;;113
Воблеры;13677;Воблер Strike Pro Baby Pro 25F 2.0гр EG-036F(500G);;;;3;4712511856446;3.07;;113
Воблеры;13678;Воблер Strike Pro Baby Pro 25F 2.0гр EG-036F(613T);;;;1;4712702091359;3.07;;113
Воблеры;13679;Воблер Strike Pro Baby Pro 25F 2.0гр EG-036F(022PT);;;;4;4711161822399;3.07;;113
Воблеры;13680;Воблер Strike Pro Crankee Bass 60F 6.6гр SH-003BA(500G);;;;2;4712511861839;3.54;;130
Воблеры;13681;Воблер Strike Pro Crankee Bass 60F 6.6гр SH-003BA(612T);;;;2;4711667566469;3.54;;130
Воблеры;13682;Воблер Strike Pro Crankee Bass 60F 6.6гр SH-003BA(624T);;;;2;4712702069815;3.54;;130
Воблеры;13683;Воблер Strike Pro Crankee Bass 60F 6.6гр SH-003BA(A05);;;;2;4712511861853;3.54;;130
Воблеры;13684;Воблер Strike Pro Hippocampus 40F 3.0гр EG-088(IM-01)*;;;;1;4711161855892;1.73;;64
Воблеры;13685;Воблер Strike Pro Warted Toad 45F 5.5гр EG-097A(647G);;;;1;4712511855722;3.07;;113
Воблеры;13686;Воблер Strike Pro Warted Toad 45F 5.5гр EG-097A(A010);;;;2;4711161856448;3.07;;113
Воблеры;13687;Воблер Strike Pro Warted Toad 45F 5.5гр EG-097A(096SA);;;;4;4711161856431;3.07;;113
Воблеры;13688;Воблер Strike Pro Warted Toad 45F 5.5гр EG-097A(A06E);;;;5;4711161856479;3.07;;113
Воблеры;13689;Воблер EOS Crank 9073 50мм 8.5гр. HA11 Floating (шт.);;;;1;2000000136899;2.51;;93
Воблеры;13690;Воблер EOS Crank 9073 50мм 8.5гр. HC11 Floating (шт.);;;;1;2000000136905;2.51;;93
Воблеры;13691;Воблер TTEBO;;;;2;123456789012;1.3;;50
Воблеры;13692;Воблер Tuohai;;;;8;2000000136929;1.35;;50
Воблеры;13693;Воблер Attack DUGGY S. 45 мм. 3.2 г;;;;17;2000000136936;0.98;;45
Воблеры;13694;Воблер Attack DUGGY L. 80 мм. 7.0 г;;;;17;2000000136943;0.98;;50
Воблеры;13695;Воблер Kang Xin;;;;53;2000000136950;0.67;;25
Воблеры;13696;Воблер JAXON ATRACT XTR-O 5.0cm H;;;;4;5900113338999;1.94;;75
Воблеры;13697;Воблер JAXON ATRACT XTR-O 5.0cm A;;;;4;5900113338920;1.94;;75
Воблеры;13698;Воблер JAXON ATRACT XTR-O 5.0cm C;;;;3;5900113338944;1.94;;75
Воблеры;13699;Воблер JAXON ATRACT XTR-O 5.0cm G;;;;4;5900113338982;1.94;;75
Воблеры;13700;Воблер JAXON ATRACT XTR-O 5.0cm F;;;;4;5900113338975;1.94;;75
Воблеры;13701;Воблер JAXON ATRACT XTR-O 5.0cm E;;;;5;5900113338968;1.94;;75
Воблеры;13702;Воблер JAXON ATRACT XTR-E 5cm E;;;;4;5900113354692;2.02;;75
Воблеры;13703;Воблер JAXON ATRACT XTR-E 5cm C;;;;5;5900113354678;2.02;;75
Воблеры;13704;Воблер JAXON ATRACT XTR-E 5cm F;;;;4;5900113354708;2.02;;75
Воблеры;13705;Воблер JAXON ATRACT XTR-E 5cm D;;;;5;5900113354685;2.02;;75
Воблеры;13706;Воблер JAXON ATRACT XTR-N 5.0cm A;;;;5;5900113307087;1.94;;75
Воблеры;13707;Воблер JAXON ATRACT XTR-N 5.0cm C;;;;3;5900113308190;1.94;;75
Воблеры;13708;Воблер JAXON ATRACT XTR-N 5.0cm F;;;;4;5900113307131;1.94;;75
Воблеры;13709;Воблер JAXON ATRACT XTR-D 5cm F;;;;4;5900113294769;1.94;;75
Воблеры;13710;Воблер JAXON ATRACT XTR-D 5cm G;;;;3;5900113294776;1.94;;75
Воблеры;13711;Воблер JAXON ATRACT XTR-D 5cm E;;;;3;5900113294752;1.94;;75
Воблеры;13712;Воблер JAXON ATRACT XTR-D 5cm C;;;;4;5900113294738;1.94;;75
Воблеры;13713;Воблер JAXON ATRACT XTR-J 6cm D;;;;3;5900113306547;2.02;;75
Воблеры;13714;Воблер JAXON ATRACT XTR-J 6cm B;;;;4;5900113306523;2.02;;75
Воблеры;13715;Воблер JAXON ATRACT XTR-J 6cm C;;;;3;5900113306530;2.02;;75
Воблеры;13716;Воблер JAXON ATRACT XTR-N 4.0cm D;;;;3;5900113307056;1.86;;75
Воблеры;13717;Воблер JAXON ATRACT XTR-N 4.0cm E;;;;1;5900113307063;1.86;;75
Воблеры;13718;Воблер JAXON ATRACT XTR-A 3.5cm C;;;;5;5900113294523;1.68;;75
Воблеры;13719;Воблер JAXON ATRACT XTR-A 3.5cm F;;;;2;5900113295476;1.68;;75
Воблеры;13720;Воблер JAXON ATRACT XTR-A 3.5cm F;;;;1;5900113294547;1.68;;75
Воблеры;13721;Воблер JAXON ATRACT XTR-C 4.5cm H;;;;1;5900113294967;1.76;;75
Воблеры;13723;Воблер Jaxon  HOLO SELECT KARAS (Карась)  6cm FRH 179;;;;1;5900113151116;4;;147
Воблеры;13724;Воблер TOP WATER -  PE SSV - PE -  320;;;;4;2000000105963;5.76;;212
Воблеры;13725;Воблер TOP WATER -  PE SSV - PE -  322;;;;4;2000000105987;5.76;;212
Воблеры;13726;Воблер TOP WATER -  PE SSV - PE -  010;;;;4;2000000105925;5.76;;212
Воблеры;13727;Воблер TOP WATER -  PE SSV - PE -  321A;;;;4;2000000105956;5.76;;212
Воблеры;13728;Воблер TOP WATER -  PE SSV - PE -  316;;;;4;2000000105970;5.76;;212
Воблеры;13729;Воблер TOP WATER -  PE SSV - PE -  301;;;;4;2000000105932;5.76;;212
Воблеры;13730;Воблер TOP WATER -  PE SSV - PE -  315;;;;4;2000000105949;5.76;;212
Воблеры;13731;Воблер Triumph Pro-75 SSV-TP75 DD-11 FL/1-1.8m/13g/70mm;;;;4;2302000020667;4.9;;180
Воблеры;13732;Воблер Triumph Pro-75 SSV-TP75 DD-22 FL/1-1.8m/13g/70mm;;;;4;2302000020841;4.9;;180
Воблеры;13733;Воблер Triumph Pro-75 SSV-TP75 DD-24 FL/1-1.8m/13g/70mm;;;;4;2302000020872;4.9;;180
Воблеры;13734;Воблер Triumph Pro-75 SSV-TP75 DD-10 FL/1-1.8m/13g/70mm;;;;4;2302000020643;4.9;;180
Воблеры;13735;Воблер Triumph Pro-75 SSV-TP75 DD-13 FL/1-1.8m/13g/70mm;;;;4;2302000020698;4.9;;180
Воблеры;13736;Воблер Triumph Pro-75/20 SSV-TP75/20 DD-24 FL/0.9-1.5m/14g/95mm;;;;4;2302000021183;5.84;;215
Воблеры;13737;Воблер Triumph Pro-75/20 SSV-TP75/20 DD-13 FL/0.9-1.5m/14g/95mm;;;;4;2302000020988;5.84;;215
Воблеры;13738;Воблер Triumph Pro-75/20 SSV-TP75/20 DD-11 FL/0.9-1.5m/14g/95mm;;;;4;2302000020940;5.84;;215
Воблеры;13739;Воблер Triumph Pro-75/20 SSV-TP75/20 DD-22 FL/0.9-1.5m/14g/95mm;;;;3;2302000021145;5.84;;215
Воблеры;13740;Воблер Reflex Pro SSV-REP DD-11 FL/1.2-1.8m/9.5g/80mm;;;;3;2302000020001;4.61;;170
Воблеры;13741;Воблер IMPULS SSV-IP DD - 14 FL/0.4-0.8m/8g/90mm;;;;3;2000000105543;4.35;;160
Воблеры;13742;Воблер IMPULS SSV-IP DD - 17 FL/0.4-0.8m/8g/90mm;;;;5;2000000105567;4.35;;160
Воблеры;13743;Воблер IMPULS SSV-IP DD - 12 FL/0.4-0.8m/8g/90mm;;;;3;2000000107639;4.35;;160
Воблеры;13744;Воблер IMPULS SSV-IP DD - 20 FL/0.4-0.8m/8g/90mm;;;;3;2000000105598;4.35;;160
Воблеры;13745;Воблер Silver Stream SSV-ST DD-19 FL/0-0.2m/11g/80mm;;;;4;2000000105345;4.2;;155
Воблеры;13746;Воблер Silver Stream SSV-ST DD-17 FL/0-0.2m/11g/80mm;;;;5;2000000105321;4.2;;155
Воблеры;13747;Воблер Silver Stream SSV-ST DD-15 FL/0-0.2m/11g/80mm;;;;5;2000000105314;4.2;;155
Воблеры;13748;Воблер Silver Stream SSV-ST DD-10 FL/0-0.2m/11g/80mm;;;;5;2000000105284;4.2;;155
Воблеры;13749;Воблер Silver Stream SSV-ST DD-11 FL/0-0.2m/11g/80mm;;;;4;2000000105291;4.2;;155
Воблеры;13750;Воблер Silver Stream SSV-ST DD-14 FL/0-0.2m/11g/80mm;;;;6;2000000105307;4.2;;155
Воблеры;13751;Воблер Silver Stream SSV-ST DD-24 FL/0-0.2m/11g/80mm;;;;3;2000000116327;4.2;;155
Воблеры;13752;Воблер Triumph Pro SSV-TP DD-11 FL/0.7-1.2m/5g/50mm;;;;2;2000000096476;3.6;;135
Воблеры;13753;Воблер Triumph Pro SSV-TP DD-10 FL/0.7-1.2m/5g/50mm;;;;2;2000000096469;3.6;;135
Воблеры;13754;Воблер Triumph Pro SSV-TP DD-15 FL/0.7-1.2m/5g/50mm;;;;5;2000000096513;3.6;;135
Воблеры;13755;Воблер Triumph Pro SSV-TP DD-16 FL/0.7-1.2m/5g/50mm;;;;2;2000000096520;3.6;;135
Воблеры;13756;Воблер Triumph Pro SSV-TP DD-12 FL/0.7-1.2m/5g/50mm;;;;2;2000000096483;3.6;;135
Воблеры;13757;Воблер Triumph Pro SSV-TP DD-14 FL/0.7-1.2m/5g/50mm;;;;1;2000000096506;3.6;;135
Воблеры;13758;Воблер Triumph Pro SSV-TP DD-13 FL/0.7-1.2m/5g/50mm;;;;1;2000000096490;3.6;;135
Воблеры;13759;Воблер Triumph Pro SSV-TP DD-24 FL/0.7-1.2m/5g/50mm;;;;4;2000000116358;3.6;;135
Воблеры;13760;Воблер Triumph Pro SSV-TP DD-17 FL/0.7-1.2m/5g/50mm;;;;3;2000000104645;3.6;;135
Воблеры;13761;Воблер Triumph Pro SSV-TP DD-10 FL/0.7-1.2m/5g/50mm;;;;3;2000000096469;3.6;;135
Воблеры;13762;Воблер Triumph Pro SSV-TP DD-20 FL/0.7-1.2m/5g/50mm;;;;2;2000000104676;3.6;;135
Воблеры;13763;Воблер Triumph Pro SSV-TP DD-19 FL/0.7-1.2m/5g/50mm;;;;4;2000000104669;3.6;;135
Воблеры;13764;Воблер Combek B SSV-CB DD-17 FL/0.4-1.0m/4g/50mm;;;;4;2000000105642;3.9;;144
Воблеры;13765;Воблер Combek B SSV-CB DD-12 FL/0.4-1.0m/4g/50mm;;;;2;2000000107424;3.9;;144
Воблеры;13766;Воблер Combek B SSV-CB DD-15 FL/0.4-1.0m/4g/50mm;;;;3;2000000105635;3.9;;144
Воблеры;13768;Воблер Combek B SSV-CB DD-21 FL/0.4-1.0m/4g/50mm;;;;3;2000000107455;3.9;;144
Воблеры;13769;Воблер Combek B SSV-CB DD-13 FL/0.4-1.0m/4g/50mm;;;;2;2000000107431;3.9;;144
Воблеры;13770;Воблер Combek B SSV-CB DD-10 FL/0.4-1.0m/4g/50mm;;;;2;2000000105604;3.9;;144
Воблеры;13771;Воблер Combek B SSV-CB DD-14 FL/0.4-1.0m/4g/50mm;;;;1;2000000105628;3.9;;144
Воблеры;13772;Воблер Combek B SSV-CB DD-22 FL/0.4-1.0m/4g/50mm;;;;3;2000000108032;3.9;;144
Воблеры;13773;Воблер Combek B SSV-CB DD-19 FL/0.4-1.0m/4g/50mm;;;;2;2000000105666;3.9;;144
Воблеры;13774;Воблер Silver Creek-Z SSV-SC-Z DD-15 FL/1.2m/4.5g/40mm;;;;2;2000000096308;3.82;;141
Воблеры;13775;Воблер GOLAVL  PRO SSV-GP DD - 12 SI/0.6-3m/5g/45mm;;;;1;2000000096209;3.82;;141
Воблеры;13776;Воблер GOLAVL  PRO SSV-GP DD - 16 SI/0.6-3m/5g/45mm;;;;1;2000000096247;3.82;;141
Воблеры;13777;Воблер GOLAVL  PRO SSV-GP DD - 21 SI/0.6-3m/5g/45mm;;;;1;2000000107585;3.82;;141
Воблеры;13778;Воблер GOLAVL  PRO SSV-GP DD - 14 SI/0.6-3m/5g/45mm;;;;1;2000000137780;3.82;;141
Воблеры;13779;Воблер Silver Creek-B SSV-SC-B DD-11 FL/1.2m/6g/45mm;;;;2;2000000137797;3.96;;146
Воблеры;13780;Воблер Silver Creek-B SSV-SC-B DD-14 FL/1.2m/6g/45mm;;;;3;2000000105383;3.96;;146
Воблеры;13781;Воблер Silver Creek-B SSV-SC-B DD-22 FL/1.2m/6g/45mm;;;;4;2000000137810;3.96;;146
Воблеры;13782;Воблер Silver Creek-B SSV-SC-B DD-17 FL/1.2m/6g/45mm;;;;4;2000000105406;3.96;;146
Воблеры;13783;Воблер Silver Creek-B SSV-SC-B DD-18 FL/1.2m/6g/45mm;;;;6;2000000105413;3.96;;146
Воблеры;13784;Воблер Silver Creek-B SSV-SC-B DD-20 FL/1.2m/6g/45mm;;;;5;2000000105437;3.96;;146
Воблеры;13785;Воблер Silver Creek-B SSV-SC-B DD-23 FL/1.2m/6g/45mm;;;;4;2000000108148;3.96;;146
Воблеры;13786;Воблер Silver Creek-B SSV-SC-B DD-12 FL/1.2m/6g/45mm;;;;2;2000000137865;3.96;;146
Воблеры;13787;Воблер Silver Creek-B SSV-SC-B DD-15 FL/1.2m/6g/45mm;;;;3;2000000105390;3.96;;146
Воблеры;13788;Воблер Silver Creek-B SSV-SC-B DD-13 FL/1.2m/6g/45mm;;;;7;2000000137889;3.96;;146
Воблеры;13789;Воблер VULCAN SSV-VU DD - 24 FL/1.2-1.6m/5g/45mm;;;;2;2000000137896;4.35;;160
Воблеры;13790;Воблер VULCAN SSV-VU DD - 17 FL/1.2-1.6m/5g/45mm;;;;7;2000000105888;4.35;;160
Воблеры;13791;Воблер VULCAN SSV-VU DD - 14 FL/1.2-1.6m/5g/45mm;;;;3;2000000105864;4.35;;160
Воблеры;13792;Воблер VULCAN SSV-VU DD - 20 FL/1.2-1.6m/5g/45mm;;;;4;2000000137926;4.35;;160
Воблеры;13793;Воблер VULCAN SSV-VU DD - 10 FL/1.2-1.6m/5g/45mm;;;;9;2000000105840;4.35;;160
Воблеры;13794;Воблер VULCAN SSV-VU DD - 19 FL/1.2-1.6m/5g/45mm;;;;2;2000000137940;4.35;;160
Воблеры;13795;Воблер VULCAN SSV-VU DD - 22 FL/1.2-1.6m/5g/45mm;;;;7;2000000108025;4.35;;160
Воблеры;13796;Воблер GOLAVL  PRO SSV-GP  DD - 20 SI/0.6-3m/5g/45mm;;;;1;2000000137964;3.82;;140
Воблеры;13797;Воблер GOLAVL  PRO SSV-GP DD - 17 SI/0.6-3m/5g/45mm;;;;2;2000000137971;3.82;;140
Воблеры;13798;Воблер GOLAVL  PRO SSV-GP DD - 21 SI/0.6-3m/5g/45mm;;;;1;2000000137988;3.98;;140
Воблеры;13799;Воблер GOLAVL  PRO SSV-GP DD - 15 SI/0.6-3m/5g/45mm;;;;4;2000000096230;3.82;;140
Воблеры;13800;Воблер GOLAVL  PRO SSV-GP DD - 12 SI/0.6-3m/5g/45mm;;;;3;2000000138008;3.82;;140
Воблеры;13801;Воблер GOLAVL  PRO SSV-GP DD - 14 SI/0.6-3m/5g/45mm;;;;3;2000000096223;3.82;;140
Воблеры;13802;Воблер GOLAVL  PRO SSV-GP DD - 11 SI/0.6-3m/5g/45mm;;;;3;2000000096193;3.82;;140
Воблеры;13803;Воблер GOLAVL  PRO SSV-GP DD - 16 SI/0.6-3m/5g/45mm;;;;2;2000000138039;3.82;;140
Воблеры;13804;Воблер GOLAVL  PRO SSV-GP DD - 10 SI/0.6-3m/5g/45mm;;;;1;2000000096186;3.82;;140
Воблеры;13805;Воблер Silver Creek-B SSV-SC-B DD-19 FL/1.2m/6g/45mm;;;;4;2000000105420;3.96;;146
Воблеры;13806;Воблер VULCAN SSV-VU DD - 12 FL/1.2-1.6m/5g/45mm;;;;3;2000000138060;4.35;;160
Воблеры;13807;Воблер Silver Creek-Z SSV-SC-Z DD-18 FL/1.2m/4.5g/40mm;;;;1;2000000104539;382;;141
Воблеры;13808;Воблер SILVER  CREEK - 0  SSV-SC-0  DD - 21 FL/0.4m/4g/40mm;;;;1;2000000138084;4.22;;155
Воблеры;13809;Воблер Goblin  SSV-GB DD-12 FL/0.0-0.2m/8g/45mm;;;;3;2000000107530;3.8;;140
Воблеры;13810;Воблер Goblin  SSV-GB DD-15 FL/0.0-0.2m/8g/45mm;;;;3;2000000138107;3.8;;140
Воблеры;13811;Воблер Goblin  SSV-GB DD-11 FL/0.0-0.2m/8g/45mm;;;;3;2000000104973;3.8;;140
Воблеры;13812;Воблер Goblin  SSV-GB DD-18 FL/0.0-0.2m/8g/45mm;;;;2;2000000105017;3.8;;140
Воблеры;13813;Воблер Goblin  SSV-GB DD-13 FL/0.0-0.2m/8g/45mm;;;;2;2000000107547;3.8;;140
Воблеры;13814;Воблер Goblin  SSV-GB DD-10 FL/0.0-0.2m/8g/45mm;;;;3;2000000104966;3.8;;140
Воблеры;13815;Воблер Goblin  SSV-GB DD-17 FL/0.0-0.2m/8g/45mm;;;;2;2000000105000;3.8;;140
Воблеры;13816;Воблер Goblin  SSV-GB DD-20 FL/0.0-0.2m/8g/45mm;;;;1;2000000105031;3.8;;140
Воблеры;13817;Воблер Goblin  SSV-GB DD-14 FL/0.0-0.2m/8g/45mm;;;;1;2000000138176;3.8;;140
Воблеры;13818;Воблер Goblin  SSV-GB DD-23 FL/0.0-0.2m/8g/45mm;;;;2;2000000138183;3.8;;140
Воблеры;13819;Воблер SILVER  CREEK - 0  SSV-SC-0  DD - 19 FL/0.4m/4g/40mm;;;;2;2000000138190;4.22;;155
Воблеры;13820;Воблер SILVER  CREEK - 0  SSV-SC-0  DD - 15 FL/0.4m/4g/40mm;;;;2;2000000105475;4.22;;155
Воблеры;13821;Воблер SILVER  CREEK - 0  SSV-SC-0  DD - 23 FL/0.4m/4g/40mm;;;;4;2000000138213;4.22;;155
Воблеры;13823;Воблер SILVER  CREEK - 0  SSV-SC-0  DD - 24 FL/0.4m/4g/40mm;;;;1;2000000116310;4.22;;155
Воблеры;13824;Воблер SILVER  CREEK - 0  SSV-SC-0  DD - 11 FL/0.4m/4g/40mm;;;;1;2000000105451;4.22;;155
Воблеры;13825;Воблер SILVER  CREEK - 0  SSV-SC-0  DD - 10 FL/0.4m/4g/40mm;;;;6;2000000105444;4.22;;155
Воблеры;13826;Воблер MIG SSV-MI DD - 14 SI/1.2m/7g/65mm;;;;3;2000000105789;4.35;;160
Воблеры;13827;Воблер MIG SSV-MI DD - 10 SI/1.2m/7g/65mm;;;;2;2000000105765;4.35;;160
Воблеры;13828;Воблер MIG SSV-MI DD - 15 SI/1.2m/7g/65mm;;;;2;2000000105796;4.35;;160
Воблеры;13829;Воблер MIG SSV-MI DD - 23 SI/1.2m/7g/65mm;;;;1;2000000108117;4.35;;160
Воблеры;13830;Воблер MIG SSV-MI DD - 20 SI/1.2m/7g/65mm;;;;1;2000000105833;4.35;;160
Воблеры;13832;Воблер Vibrating-SR SSV-SR-06;;;;2;2000000097633;3.6;;132
Воблеры;13833;Воблер Vibrating-SR SSV-SR-01;;;;2;2000000097602;3.6;;132
Воблеры;13834;Воблер Vibrating-SR SSV-SR-09;;;;2;2000000097640;3.6;;132
Воблеры;13835;Воблер Vibrating-SR SSV-SR-04;;;;2;2000000097626;3.6;;132
Воблеры;13836;Воблер Vibrating-SR SSV-SR-32;;;;2;2000000097664;3.6;;132
Воблеры;13837;Воблер Vibrating-SR SSV-SR-03;;;;2;2000000097619;3.6;;132
Воблеры;13838;Воблер Uragan Pro SSV-UP DD-19 SP/1.6-3.2m/7g/60mm;;;;2;2000000104782;3.6;;132
Воблеры;13839;Воблер Uragan Pro SSV-UP DD-11 SP/1.6-3.2m/7g/60mm;;;;3;2000000096780;3.6;;132
Воблеры;13840;Воблер Uragan Pro SSV-UP DD-17 SP/1.6-3.2m/7g/60mm;;;;2;2000000104768;3.6;;132
Воблеры;13841;Воблер Uragan Pro SSV-UP DD-20 SP/1.6-3.2m/7g/60mm;;;;1;2000000104799;3.6;;132
Воблеры;13842;Воблер Uragan Pro SSV-UP DD-16 SP/1.6-3.2m/7g/60mm;;;;1;2000000096834;3.6;;132
Воблеры;13843;Воблер Uragan Pro SSV-UP DD-13 SP/1.6-3.2m/7g/60mm;;;;1;2000000096803;3.6;;132
Воблеры;13844;Воблер Uragan Pro SSV-UP DD-10 SP/1.6-3.2m/7g/60mm;;;;1;2000000096773;3.6;;132
Воблеры;13845;Воблер Uragan Pro SSV-UP DD-14 SP/1.6-3.2m/7g/60mm;;;;1;2000000096810;3.6;;132
Воблеры;13847;Воблер Combek S SSV-CS DD-17 SI/0.4-0.6m/3g/35mm;;;;5;2000000105727;3.6;;132
Воблеры;13848;Воблер Combek S SSV-CS DD-19 SI/0.4-0.6m/3g/35mm;;;;4;2000000105741;3.6;;132
Воблеры;13849;Воблер Combek S SSV-CS DD-15 SI/0.4-0.6m/3g/35mm;;;;4;2000000105710;3.6;;132
Воблеры;13850;Воблер Golavl S SSV-GS DD-11 SI/0.5-3m/3g/35mm;;;;3;2000000105055;3.6;;132
Воблеры;13851;Воблер Golavl S SSV-GS DD-20 SI/0.5-3m/3g/35mm;;;;2;2000000105116;3.6;;132
Воблеры;13852;Воблер Golavl S SSV-GS DD-21 SI/0.5-3m/3g/35mm;;;;1;2000000107622;3.6;;132
Воблеры;13853;Воблер Golavl S SSV-GS DD-10 SI/0.5-3m/3g/35mm;;;;1;2000000105048;3.6;;132
Воблеры;13854;Воблер Golavl S SSV-GS DD-17 SI/0.5-3m/3g/35mm;;;;1;2000000105086;3.6;;132
Воблеры;13856;Воблер Golavl S SSV-GS DD-33 SI/0.5-3m/3g/35mm;;;;1;2000000105093;3.6;;132
Воблеры;13857;Воблер Golavl S SSV-GS DD-19 SI/0.5-3m/3g/35mm;;;;3;2000000138572;3.6;;132
Воблеры;13858;Воблер Golavl S SSV-GS DD-15 SI/0.5-3m/3g/35mm;;;;4;2000000138589;3.6;;132
Воблеры;13860;Воблер DELFIN SSV-DF DD - 17  SI/0.6-1.2m/10g/70mm;;;;5;2000000104928;4.56;;168
Воблеры;13861;Воблер DELFIN SSV-DF DD - 18  SI/0.6-1.2m/10g/70mm;;;;3;2000000104935;4.56;;168
Воблеры;13862;Воблер DELFIN SSV-DF DD - 15  SI/0.6-1.2m/10g/70mm;;;;2;2000000104911;4.56;;168
Воблеры;13863;Воблер DELFIN SSV-DF DD - 12  SI/0.6-1.2m/10g/70mm;;;;4;2000000138633;4.56;;168
Воблеры;13864;Воблер DELFIN SSV-DF DD - 19  SI/0.6-1.2m/10g/70mm;;;;2;2000000138640;4.56;;168
Воблеры;13865;Воблер TSUNAMI  CRANK - 1SSV-TC1 DD - 11  FL/1.2m/8g/60mm;;;;1;2000000096544;3.96;;146
Воблеры;13866;Воблер TSUNAMI  CRANK - 1SSV-TC1 DD - 12  FL/1.2m/8g/60mm;;;;2;2000000096551;3.96;;146
Воблеры;13867;Воблер TSUNAMI  CRANK - 1SSV-TC1 DD - 24  FL/1.2m/8g/60mm;;;;3;2000000116365;3.96;;146
Воблеры;13868;Воблер TSUNAMI  CRANK - 1SSV-TC1 DD - 10  FL/1.2m/8g/60mm;;;;2;2000000096537;3.96;;146
Воблеры;13869;Воблер TSUNAMI  CRANK - 1SSV-TC1 DD - 17  FL/1.2m/8g/60mm;;;;2;2000000104683;3.96;;146
Воблеры;13870;Воблер TSUNAMI  CRANK - 1SSV-TC1 DD - 16  FL/1.2m/8g/60mm;;;;2;2000000096599;3.96;;146
Воблеры;13871;Воблер TSUNAMI  CRANK - 1SSV-TC1 DD - 19  FL/1.2m/8g/60mm;;;;2;2000000104706;3.96;;146
Воблеры;13872;Воблер TSUNAMI  CRANK - 1SSV-TC1 DD - 13  FL/1.2m/8g/60mm;;;;1;2000000096568;3.96;;146
Воблеры;13873;Воблер TSUNAMI  CRANK - 1SSV-TC1 DD - 18  FL/1.2m/8g/60mm;;;;3;2000000104690;3.96;;146
Воблеры;13874;Воблер TSUNAMI  CRANK - 1SSV-TC1 DD - 22  FL/1.2m/8g/60mm;;;;3;2000000138749;3.96;;146
Воблеры;13875;Воблер TSUNAMI  CRANK - 2  SSV-TC2  DD - 10 FL/1.8m/9g/60mm;;;;4;2000000096704;3.96;;146
Воблеры;13876;Воблер TSUNAMI  CRANK - 2  SSV-TC2  DD - 15 FL/1.8m/9g/60mm;;;;2;2000000096759;3.96;;146
Воблеры;13877;Воблер TSUNAMI  CRANK - 2  SSV-TC2  DD - 19 FL/1.8m/9g/60mm;;;;2;2000000104744;3.96;;146
Воблеры;13878;Воблер TSUNAMI  CRANK - 2  SSV-TC2  DD - 16 FL/1.8m/9g/60mm;;;;2;2000000096766;3.96;;146
Воблеры;13879;Воблер TSUNAMI  CRANK - 2  SSV-TC2  DD - 12 FL/1.8m/9g/60mm;;;;4;2000000096728;3.96;;146
Воблеры;13880;Воблер TSUNAMI  CRANK - 2  SSV-TC2  DD - 17 FL/1.8m/9g/60mm;;;;1;2000000104720;3.96;;146
Воблеры;13881;Воблер TSUNAMI  CRANK - 2  SSV-TC2  DD - 20 FL/1.8m/9g/60mm;;;;3;2000000104751;3.96;;146
Воблеры;13882;Воблер TSUNAMI  CRANK - 2  SSV-TC2  DD - 11 FL/1.8m/9g/60mm;;;;2;2000000096711;3.96;;146
Воблеры;13883;Воблер TSUNAMI  CRANK - 2  SSV-TC2  DD - 18 FL/1.8m/9g/60mm;;;;2;2000000104737;3.96;;146
Воблеры;13884;Воблер TSUNAMI  CRANK - 2  SSV-TC2  DD - 18 FL/1.8m/9g/60mm;;;;2;2000000138848;3.96;;146
Воблеры;13885;Воблер TSUNAMI  CRANK - 2  SSV-TC2  DD - 22 FL/1.8m/9g/60mm;;;;2;2000000138855;3.96;;146
Воблеры;13886;Воблер TSUNAMI  CRANK - 2  SSV-TC2  DD - 24 FL/1.8m/9g/60mm;;;;1;2000000138862;3.96;;146
Воблеры;13887;Воблер TAIFUN - 0   SSV-T-0 DD - 13  FL/0-0.2m/10g/65mm;;;;1;2000000096353;3.96;;146
Воблеры;13888;Воблер TAIFUN - 0   SSV-T-0 DD - 20  FL/0-0.2m/10g/65mm;;;;3;2000000104591;3.96;;146
Воблеры;13889;Воблер TAIFUN - 0   SSV-T-0 DD - 19  FL/0-0.2m/10g/65mm;;;;2;2000000104584;3.96;;146
Воблеры;13890;Воблер TAIFUN - 0   SSV-T-0 DD - 11  FL/0-0.2m/10g/65mm;;;;2;2000000096339;3.96;;146
Воблеры;13891;Воблер TAIFUN - 0   SSV-T-0 DD - 14  FL/0-0.2m/10g/65mm;;;;3;2000000096360;3.96;;146
Воблеры;13892;Воблер TAIFUN - 1 SSV-T-1 DD - 20  FL/1.2m/10g/65mm;;;;2;2000000104638;3.96;;146
Воблеры;13893;Воблер TAIFUN - 1 SSV-T-1 DD - 11  FL/1.2m/10g/65mm;;;;2;2000000096407;3.96;;146
Воблеры;13894;Воблер TAIFUN - 1 SSV-T-1 DD - 14  FL/1.2m/10g/65mm;;;;2;2000000096438;3.96;;146
Воблеры;13895;Воблер PIKE  S  SSV-PS  DD - 17   FL/0.0m/8g/65mm;;;;2;2000000105161;4.62;;170
Воблеры;13896;Воблер PIKE  S  SSV-PS  DD - 12   FL/0.0m/8g/65mm;;;;2;2000000138961;4.62;;170
Воблеры;13897;Воблер Minnow-M3S SSV-M3S-09;;;;2;2000000097428;3.6;;132
Воблеры;13898;Воблер Minnow-M3S SSV-M3S-03;;;;2;2000000097404;3.6;;132
Воблеры;13899;Воблер Minnow-M2S SSV-M2S-03;;;;2;2000000097251;3.6;;132
Воблеры;13900;Воблер AMULET  PRO SSV-AP DD - 16 FL/1.2 m/10g/60 mm;;;;10;2000000096179;3.96;;146
Воблеры;13901;Воблер AMULET  PRO SSV-AP DD - 24 FL/1.2 m/10g/60 mm;;;;8;2000000116235;3.96;;146
Воблеры;13902;Воблер AMULET  PRO SSV-AP DD - 10 FL/1.2 m/10g/60 mm;;;;10;2000000096117;3.96;;146
Воблеры;13903;Воблер AMULET  PRO SSV-AP DD - 13 FL/1.2 m/10g/60 mm;;;;8;2000000096148;3.96;;146
Воблеры;13904;Воблер AMULET  PRO SSV-AP DD - 15 FL/1.2 m/10g/60 mm;;;;10;2000000096162;3.96;;146
Воблеры;13905;Воблер AMULET  PRO SSV-AP DD - 25 FL/1.2 m/10g/60 mm;;;;10;2302000011658;3.96;;146
Воблеры;13907;Воблер AMULET  PRO SSV-AP DD - 17 FL/1.2 m/10g/60 mm;;;;10;2000000139074;3.96;;146
Воблеры;13908;Воблер AMULET  PRO SSV-AP DD - 18 FL/1.2 m/10g/60 mm;;;;10;2000000139081;3.96;;146
Воблеры;13909;Воблер AMULET  PRO SSV-AP DD - 20 FL/1.2 m/10g/60 mm;;;;10;2000000139098;3.96;;146
Воблеры;13910;Воблер AMULET  PRO SSV-AP DD - 11 FL/1.2 m/10g/60 mm;;;;9;2000000096124;3.96;;146
Воблеры;13911;Воблер AMULET  PRO SSV-AP DD - 14 FL/1.2 m/10g/60 mm;;;;10;2000000096155;3.96;;146
Воблеры;13912;Воблер AMULET  PRO SSV-AP DD - 12 FL/1.2 m/10g/60 mm;;;;9;2000000096131;3.96;;146
Воблеры;13913;Воблер Jackall Tiny Fry 38SP 1.5гр ghost wakasagi;;;;2;4525807004663;8.39;;332
Воблеры;13914;Воблер Jackall Tiny Fry 38S 1.5гр ghost wakasagi;;;;1;4525807059854;8.39;;332
Воблеры;13915;Воблер Jackall Tiny Fry 38SP 1.5гр hl fry;;;;1;4525807012729;8.39;;332
Воблеры;13916;Воблер Jackall Tiny Fry 38S 1.5гр hl fry;;;;2;4525807048131;8.39;;332
Воблеры;13917;Воблер Jackall Tiny Fry 38SP 1.5гр suji shrimp;;;;1;4525807006407;8.39;;332
Воблеры;13918;Воблер Jackall Tiny Fry 38SP 1.5гр pellet yellov;;;;1;4525807006391;8.39;;332
Воблеры;13919;Воблер Jackall Tiny Fry 38SP 1.5гр ghost purple;;;;1;4525807079364;8.39;;332
Воблеры;13920;Воблер Jackall Tiny Fry 38SP 1.5гр ghost g perch;;;;1;4525807067415;8.39;;332
Воблеры;13921;Воблер Jackall Tiny Fry 38SP 1.5гр ul tamamushi;;;;1;4525807017762;8.39;;332
Воблеры;13922;Воблер Jackall Tiny Fry 38SP 1.5гр hl shining tiger;;;;1;4525807063844;8.39;;332
Воблеры;13923;Воблер Jackall Tiny Fry 38SP 1.5гр hl gold&black;;;;2;4525807006421;8.39;;332
Воблеры;13924;Воблер Jackall Tiny Fry 38S 1.5гр hl gold&black;;;;2;4525807059823;8.39;;332
Воблеры;13926;Воблер Jackall Tiny Fry 38S 1.5гр hl wakasagi;;;;2;4525807059830;8.39;;332
Воблеры;13927;Воблер Jackall Tiny Fry 38S 1.5гр hl silver&black;;;;3;4525807059847;8.39;;332
Воблеры;13928;Воблер Jackall Tiny Fry 38SP 1.5гр hl silver&black;;;;2;4525807052824;8.39;;332
Воблеры;13929;Воблер Jackall Tiny Fry 38SP 1.5гр ul bug;;;;1;4525807079333;8.39;;332
Воблеры;13930;Воблер Jackall Tiny Fry 38SP 1.5гр hl black;;;;1;4525807079340;8.39;;332
Воблеры;13931;Воблер Jackall Tiny Fry 38SP 1.5гр mat tiger;;;;3;4525807004649;8.39;;332
Воблеры;13932;Воблер Jackall Tiny Fry 38SP 1.5гр ghost ayu;;;;2;4525807006360;8.39;;332
Воблеры;13933;Воблер Jackall Tiny Fry 38S 1.5гр ghost ayu;;;;2;4525807059809;8.39;;332
Воблеры;13934;Воблер Jackall Tiny Fry 38S 1.5гр mat tiger;;;;1;4525807048100;8.39;;332
Воблеры;13935;Воблер Jackall Tiny Fry 38SP 1.5гр hl wakasagi;;;;2;4525807049121;8.39;;332
Воблеры;13936;Воблер Jackall Chubby 38F 4.0гр craw fish;;;;1;4525807011630;8.42;;333
Воблеры;13937;Воблер Jackall Chubby 38F 4.0гр mat chart;;;;1;4525807004588;8.42;;333
Воблеры;13938;Воблер Jackall Chubby 38F 4.0гр hl shinning tiger;;;;2;4525807063820;8.42;;333
Воблеры;13939;Воблер Jackall Chubby 38F 4.0гр ul tamamushi;;;;3;4525807017816;8.42;;333
Воблеры;13940;Воблер Jackall Chubby 38F 4.0гр ghost purple;;;;3;4525807078831;8.42;;333
Воблеры;13941;Воблер Jackall Chubby 38F 4.0гр hl black;;;;1;4525807078817;8.42;;333
Воблеры;13942;Воблер Jackall Chubby 38F 4.0гр mat black;;;;1;4525807004601;8.42;;333
Воблеры;13944;Воблер Jackall Chubby 38F 4.0гр ghost g perch;;;;3;4525807067606;8.42;;333
Воблеры;13945;Воблер Jackall Chubby 38F 4.0гр gold plack;;;;1;4525807004540;8.42;;333
Воблеры;13946;Воблер Jackall Chubby 38F 4.0гр ul bug;;;;1;4525807006322;8.42;;333
Воблеры;13947;Воблер Jackall Chubby 38F 4.0гр hl shad;;;;1;4525807017823;8.42;;333
Воблеры;13948;Воблер Jackall Chubby 38F 4.0гр noike gill;;;;1;4525807048179;8.42;;333
Воблеры;13949;Воблер Jackall Chubby 38F 4.0гр mat tiger;;;;1;4525807004564;8.42;;333
Воблеры;13950;Воблер Jackall Chubby 38F 4.0гр ghost wakasagi;;;;1;4525807006308;8.42;;333
Воблеры;13951;Воблер Jackall Chubby 38F ssr 4.0гр ghost wakasagi;;;;1;4525807075359;8.42;;333
Воблеры;13953;Воблер Jackall Squadminnow 65F 5.4гр koayu;;;;1;4525807073331;10.09;;399
Воблеры;13954;Воблер Jackall Squadminnow 65F 5.4гр noike gill;;;;1;4525807073607;10.09;;399
Воблеры;13955;Воблер Jackall Squadminnow 65SP 5.8гр noike gill;;;;1;4525807040029;10.09;;399
Воблеры;13956;Воблер Jackall Squadminnow 65SP 5.8гр natural shad;;;;1;4525807072396;10.09;;399
Воблеры;13957;Воблер Jackall Squadminnow 65SP 5.8гр hl bronzebluepike;;;;2;4525807067521;10.09;;399
Воблеры;13958;Воблер Jackall Squadminnow 65SP 5.8гр purple mohican;;;;2;4525807079159;10.09;;399
Воблеры;13959;Воблер Jackall Squadminnow 65SP 5.8гр hl mat shad;;;;2;4525807079630;10.09;;399
Воблеры;13960;Воблер Jackall Squadminnow 65SP 5.8гр nf ayu;;;;2;4525807079135;10.09;;399
Воблеры;13961;Воблер Jackall Cherry 44F 6.2гр pellet yellow;;;;2;4525807078756;9.26;;366
Воблеры;13963;Воблер Jackall Cherry 44F 6.2гр hl black;;;;3;4525807009262;9.26;;366
Воблеры;13964;Воблер Jackall Cherry 44F 6.2гр blue gill;;;;2;4525807021608;9.26;;366
Воблеры;13965;Воблер Jackall Cherry 44F 6.2гр blue black tiger;;;;1;4525807011906;9.26;;366
Воблеры;13966;Воблер Jackall Cherry 44F 6.2гр pearl ayu;;;;2;4525807030136;9.26;;366
Воблеры;13967;Воблер Jackall Cherry 44F 6.2гр chrome tiger;;;;2;4525807032659;9.26;;366
Воблеры;13968;Воблер Jackall Cherry 44F 6.2гр ul bug;;;;4;4525807002560;9.26;;366
Воблеры;13969;Воблер Jackall Cherry 44F 6.2гр hl silver&black;;;;2;4525807045161;9.26;;366
Воблеры;13970;Воблер Jackall D Cherry 48F 7.8гр blue back tiger;;;;2;4525807011562;9.26;;366
Воблеры;13971;Воблер Jackall D Cherry 48F 7.8гр purple mohican;;;;2;4525807039443;9.26;;366
Воблеры;13972;Воблер Jackall D Cherry 48F 7.8гр ghost ayu;;;;2;4525807005028;9.26;;366
Воблеры;13973;Воблер Jackall D Cherry 48F 7.8гр mat tiger;;;;2;4525807002959;9.26;;366
Воблеры;13974;Воблер Jackall D Cherry 48F 7.8гр hl silver&black;;;;2;4525807045185;9.26;;366
Воблеры;13975;Воблер Jackall Cherry 1 Footer 46F 7.2гр mat black;;;;4;4525807004335;9.26;;366
Воблеры;13976;Воблер Jackall Cherry 1 Footer 46F 7.2гр ul bug;;;;1;4525807078770;9.26;;366
Воблеры;13977;Воблер Jackall Cherry 1 Footer 46F 7.2гр pellet yellow;;;;1;4525807078763;9.26;;366
Воблеры;13978;Воблер Jackall D Chubby Minnow 38F 4.7гр pellet yellow;;;;1;4525807089066;9.26;;366
Воблеры;13979;Воблер Jackall D Chubby Minnow 38F 4.7гр ul bug;;;;1;4525807089059;9.26;;366
Воблеры;13980;Воблер Jackall D Chubby Minnow 38F 4.7гр hl silver&black;;;;1;4525807078497;9.26;;366
Воблеры;13981;Воблер Jackall Jaco 58SR 58мм 9.5г TO Flash Shad F;;;;1;4525807086362;9.27;;366
Воблеры;13982;Воблер Jackall Jaco 58SR 58мм 9.5г TO Ghost Shad F;;;;1;4525807086355;9.27;;366
Воблеры;13983;Воблер Jackall Jaco 58SR 58мм 9.5г is bluegill;;;;1;4525807086300;9.27;;366
Воблеры;13984;Воблер Jackall Aragon Jr.SR 50F 8.0гр table rock shad;;;;1;4525807039429;9.77;;400
Воблеры;13985;Воблер Jackall Aragon Jr.SR 50F 8.0гр hl blue gill;;;;1;4525807026962;10.09;;400
Воблеры;13986;Воблер Jackall Aragon Jr.SR 50F 8.0гр noike gill;;;;1;4525807025149;9.09;;400
Воблеры;13987;Воблер Jackall Hama-ku-ru Spider 41F 6.5гр whihe buterfly;;;;4;4525807040357;10.07;;398
Воблеры;13988;Воблер Jackall Hama-ku-ru Spider 41F 6.5гр ul beatle;;;;4;4525807005967;10.07;;398
Воблеры;13989;Воблер Jackall Hama-ku-ru Spider 41F 6.5гр kagerow;;;;3;4525807040388;10.07;;398
Воблеры;13990;Воблер Jackall Hama-ku-ru Spider 41F 6.5гр devil red;;;;4;4525807005936;10.07;;398
Воблеры;13991;Воблер Jackall Hama-ku-ru Spider 41F 6.5гр clear bee;;;;3;4525807040371;10.07;;398
Воблеры;13992;Воблер Jackall Hama-ku-ru Spider 41F 6.5гр ul bug;;;;3;4525807005950;10.07;;398
Воблеры;13993;Воблер Jackall Hama-ku-ru Spider 41F 6.5гр devil char;;;;4;4525807005943;10.07;;398
Воблеры;13994;Воблер Jackall Hama-ku-ru Spider 41F 6.5гр black widow;;;;4;4525807040364;10.07;;398
Воблеры;13995;Воблер Jackall Chubby Minnow 35SP 2.3гр ghost purple;;;;1;4525807078992;9.26;;366
Воблеры;13996;Воблер Jackall Chubby Minnow 35SP 2.3гр ayu;;;;1;4525807065541;9.26;;366
Воблеры;13997;Воблер Jackall Chubby Minnow 35SP 2.3гр mat black;;;;1;4525807078954;9.26;;366
Воблеры;13998;Воблер Jackall Chubby Minnow 35SP 2.3гр hl black;;;;1;4525807078985;9.26;;366
Воблеры;13999;Воблер Jackall Chubby Minnow 35SP 2.3гр ghost & perch;;;;1;4525807067514;9.26;;366
Воблеры;14000;Воблер Jackall Chubby Minnow 35SP 2.3гр green squash;;;;1;4525807079838;9.26;;366
Воблеры;14001;Воблер Jackall Chubby Minnow 35SP 2.3гр ghost wakasagi;;;;2;4525807065589;9.26;;366
Воблеры;14002;Воблер Jackall Chubby Minnow 35SP 2.3гр hl silver&black;;;;2;4525807065626;9.26;;366
Воблеры;14003;Воблер Jackall Chubby Minnow 35SP 2.3гр hl shining tiger;;;;2;4525807067507;9.26;;366
Воблеры;14004;Воблер Jackall Chubby Minnow 35SP 2.3гр pellet yellow;;;;2;4525807078961;9.26;;366
Воблеры;14005;Воблер Jackall Chubby Minnow 35SP 2.3гр nk kawaguchiko rainbow;;;;2;4525807067941;9.26;;366
Воблеры;14006;Воблер Jackall Chubby Minnow 35мм 2.3г HL bora Suspending;;;;3;4525807078886;8.83;;366
Воблеры;14007;Воблер Jackall Chubby Minnow 35мм 2.3г pellet orange Suspending;;;;4;4525807079821;8.83;;366
Воблеры;14008;Воблер Jackall Chubby Minnow 35мм 2.3г hl silver&black Suspending;;;;3;4525807051360;8.83;;366
Воблеры;14009;Воблер Jackall Chubby Minnow 35мм 2.3г ayu Suspending;;;;2;4525807051285;8.83;;366
Воблеры;14010;Воблер Jackall Chubby Minnow 35мм 2.3г nk kawaguchiko rainbow Suspending;;;;2;4525807063912;8.83;;366
Воблеры;14011;Воблер Jackall Chubby Minnow 35мм 2.3г mat black Suspending;;;;2;4525807078848;8.83;;366
Воблеры;14012;Воблер Jackall Chubby Minnow 35мм 2.3г ul bug Suspending;;;;2;4525807078862;8.83;;366
Воблеры;14013;Воблер Jackall Chubby Minnow 35мм 2.3г mat tiger Suspending;;;;2;4525807051308;8.83;;366
Воблеры;14014;Воблер Jackall Chubby Minnow 35мм 2.3г hl shinning tiger Suspending;;;;1;4525807063905;8.83;;366
Воблеры;14015;Воблер Jackall Chubby Minnow 35мм 2.3г hl black Suspending;;;;1;4525807078879;8.83;;366
Воблеры;14016;Воблер Jackall Chubby Minnow 35мм 2.3г ghost purple Suspending;;;;1;4525807078893;8.83;;366
Воблеры;14017;Воблер DOZER Zoid 26 тон. 2.8г 0-1м C4W12;;;;3;2000000140179;2.54;;104
Воблеры;14018;Воблер DOZER Zoid 26 поппер 2.4г C1R12;;;;3;2000000140186;2.54;;104
Воблеры;14019;Воблер DOZER Zoid 26 тон. 2.8г 0-1м B4R12;;;;4;2000000140193;2.54;;104
Воблеры;14020;Воблер DOZER Zoid 26 поппер 2.4г C1X;;;;4;2000000140209;2.54;;104
Воблеры;14021;Воблер DOZER Zoid 26 тон. 2.8г 0-1м C4C12;;;;5;2000000140216;2.54;;104
Воблеры;14022;Воблер DOZER Zoid 26 тон. 2.8г 0-1м B4В12;;;;3;2000000140223;2.54;;104
Воблеры;14023;Воблер DOZER Zoid 29 deep плав. 3.3г 0.5-1.5м A1A12;;;;3;2000000140230;2.54;;104
Воблеры;14024;Воблер DOZER Zoid 26 поппер 2.4г B4В12;;;;5;2000000140247;2.54;;104
Воблеры;14025;Воблер Lery master;;;;22;2000000140254;0.6;;25
Воблеры;14027;Воблер DUEL HARDCORE MINNOW 50S F922 HAJ 50мм/3г/0.2-0.8м;;;;2;4940764227908;9.58;;353
Воблеры;14028;Воблер DUEL HARDCORE MINNOW 50S F922 HOKS 50мм/3г/0.2-0.8м;;;;2;4940764227960;9.58;;353
Воблеры;14029;Воблер DUEL HARDCORE MINNOW 50S F922 HHS 50мм/3г/0.2-0.8м;;;;2;4940764227946;9.58;;353
Воблеры;14030;Воблер DUEL HARDCORE MINNOW 50S F922 HIW 50мм/3г/0.2-0.8м;;;;1;4940764227953;9.58;;353
Воблеры;14031;Воблер DUEL HARDCORE MINNOW 50F F915 HAJ 50мм/2.5г/0-0.2м;;;;1;4940764227786;9.58;;353
Воблеры;14032;Воблер DUEL HARDCORE MINNOW 50S F922 HOKS 50мм/3г/0.2-0.8м;;;;2;4940764227847;9.58;;353
Воблеры;14033;Воблер DUEL HARDCORE MINNOW 50S F922 HIW 50мм/3г/0.2-0.8м;;;;2;4940764227830;9.58;;353
Воблеры;14034;Воблер DUEL HARDCORE MINNOW 50S F922 HHS 50мм/3г/0.2-0.8м;;;;2;4940764227823;9.58;;353
Воблеры;14035;Воблер DUEL HARDCORE NOI-Z 105F F1064 HGSN 105мм/28г/ max 0.3м;;;;1;4940764419549;16.64;;574
Воблеры;14036;Воблер DUEL HARDCORE NOI-Z 105F F1064 HBG 105мм/28г/ max 0.3м;;;;1;4940764419525;16.64;;574
Воблеры;14037;Воблер DUEL HARDCORE NOI-Z 105F F1064 HCLP 105мм/28г/ max 0.3м;;;;1;4940764420378;16.64;;574
Воблеры;14038;Воблер DUEL HARDCORE NOI-Z 105F F1064 MEAY 105мм/28г/ max 0.3м;;;;1;4940764419563;16.64;;574
Воблеры;14039;Воблер DUEL HARDCORE NOI-Z 105F F1064 BCL 105мм/28г/ max 0.3м;;;;1;4940764419518;16.64;;574
Воблеры;14041;Воблер DUEL HARDCORE NOI-Z 105F F1064 MHS 105мм/28г/ max 0.3м;;;;1;4940764419587;16.64;;574
Воблеры;14042;Воблер DUEL HARDCORE NOI-Z 105F F1064 SAY 105мм/28г/ max 0.3м;;;;1;4940764419600;16.64;;574
Воблеры;14043;Воблер F1039 HGBL HARDCORE MINNOW 70F BASS  50mm;;;;3;4940764414575;8.92;;328
Воблеры;14044;Воблер F1039 KVWS HARDCORE MINNOW 70F BASS  50mm;;;;3;4940764414605;8.2;;328
Воблеры;14045;Воблер F1039 MBCL HARDCORE MINNOW 70F BASS  50mm;;;;2;4940764414612;8.2;;328
Воблеры;14047;Воблер F1039 GSAY HARDCORE MINNOW 70F BASS  50mm;;;;1;4940764414544;8.92;;328
Воблеры;14048;Воблер F1039 HSM HARDCORE MINNOW 70F BASS  50mm;;;;1;4940764414599;8.92;;328
Воблеры;14049;Воблер F1038 HGBL HARDCORE MINNOW 50F BASS  50mm;;;;3;4940764414476;8.92;;328
Воблеры;14050;Воблер F1038 HSM HARDCORE MINNOW 50F BASS  50mm;;;;1;4940764414490;8.92;;328
Воблеры;14051;Воблер DUEL Aile MAGNET NEO 70F F874  FHSG 70мм/6г/max 1.0м;;;;2;4940764210481;10.1;;372
Воблеры;14052;Воблер DUEL Aile MAGNET NEO 70F F874  DHCM 70мм/6г/max 1.0м;;;;2;4940764210467;10.1;;372
Воблеры;14053;Воблер DUEL Aile MAGNET NEO 70F F874  SHIW 70мм/6г/max 1.0м;;;;2;4940764210511;10.1;;372
Воблеры;14056;Воблер DUEL Aile MAGNET NEO 70F F874  DHMT 70мм/6г/max 1.0м;;;;2;4940764210474;10.1;;372
Воблеры;14057;Воблер DUEL Aile MAGNET NEO 70S F876  FHSG 70мм/8.5г/max 3.0м;;;;1;4940764210641;10.1;;372
Воблеры;14058;Воблер DUEL HARDCORE MINNOW 90S F924 PHRH 90мм/8г/0.4-1.5м;;;;1;4940764228523;10.5;;386
Воблеры;14059;Воблер DUEL HARDCORE MID CRANK 60F F1022  GSAY 60мм/10г/2.5м+;;;;2;4940764411253;9.99;;368
Воблеры;14060;Воблер DUEL HARDCORE MID CRANK 60F F1022  HBG 60мм/10г/2.5м+;;;;2;4940764411260;9.99;;368
Воблеры;14061;Воблер DUEL HARDCORE MID CRANK 60F F1022  PHSH 60мм/10г/2.5м+;;;;2;4940764410393;9.99;;368
Воблеры;14062;Воблер DUEL HARDCORE MID CRANK 60F F1022  HHT 60мм/10г/2.5м+;;;;2;4940764410379;9.99;;368
Воблеры;14063;Воблер DUEL HARDCORE MID CRANK 60F F1022  HAT 60мм/10г/2.5м+;;;;2;4940764410324;9.99;;368
Воблеры;14064;Воблер DUEL HARDCORE MID CRANK 60F F1022  MBCL 60мм/10г/2.5м+;;;;2;4940764411277;9.99;;368
Воблеры;14065;Воблер DUEL HARDCORE MID CRANK 60F F1022  HGBL 60мм/10г/2.5м+;;;;1;4940764410362;9.99;;368
Воблеры;14066;Воблер DUEL SILVER POP 60 F905 SHIW  60мм/7г/поверхностный;;;;2;4940764223368;8.09;;298
Воблеры;14067;Воблер DUEL SILVER POP 60 F905 TMTE  60мм/7г/поверхностный;;;;1;4940764223429;8.09;;298
Воблеры;14068;Воблер DUEL HARDCORE SHALLOW CRANK 65F F968 HSH 65мм/8г/0.5-1м;;;;1;4940764237679;9.51;;350
Воблеры;14069;Воблер DUEL HARDCORE SHALLOW CRANK 65F F968 HHT 65мм/8г/0.5-1м;;;;1;4940764237662;9.51;;350
Воблеры;14070;Воблер DUEL HARDCORE SHALLOW CRANK 65F F968 MPSH 65мм/8г/0.5-1м;;;;2;4940764411208;9.51;;350
Воблеры;14071;Воблер DUEL DINO CRANK MD F724 HBSH 55мм/12г/до 2.5м;;;;1;4940764143604;8.9;;328
Воблеры;14072;Воблер DUEL HARDCORE SURFACE CRANK 65F F969 MGBG 65мм/8г/0-0.3м;;;;1;4940764411222;9.51;;350
Воблеры;14073;Воблер YO-ZURI L-MINNOW HEAVY WEIGHT 33S F952 LSCA 33мм/5.5г/до 1.5м;;;;1;4940764236399;6.26;;230
Воблеры;14074;Воблер YO-ZURI L-MINNOW HEAVY WEIGHT 33S F952 HHAJ 33мм/5.5г/до 1.5м;;;;3;4940764236351;6.26;;230
Воблеры;14075;Воблер YO-ZURI L-MINNOW HEAVY WEIGHT 33S F952 CBPT 33мм/5.5г/до 1.5м;;;;5;4940764236337;6.26;;230
Воблеры;14077;Воблер YO-ZURI L-MINNOW HEAVY WEIGHT 33S F952 SHIW 33мм/5.5г/до 1.5м;;;;4;4940764236405;6.26;;230
Воблеры;14078;Воблер YO-ZURI L-MINNOW HEAVY WEIGHT 33S F952 HHIW 33мм/5.5г/до 1.5м;;;;6;4940764236368;6.26;;230
Воблеры;14079;Воблер YO-ZURI L-MINNOW SINGLE HOOK 33F F955 KVBN 33мм/2.5г/до 0.5м;;;;2;4940764236627;5.63;;207
Воблеры;14080;Воблер YO-ZURI L-MINNOW SINGLE HOOK 33F F955 TEN 33мм/2.5г/до 0.5м;;;;2;4940764236641;5.63;;207
Воблеры;14081;Воблер YO-ZURI L-MINNOW SINGLE HOOK 33F F955 HACI 33мм/2.5г/до 0.5м;;;;1;4940764236603;5.63;;207
Воблеры;14082;Воблер YO-ZURI L-MINNOW SINGLE HOOK 33F F955 FFG 33мм/2.5г/до 0.5м;;;;3;4940764236597;5.63;;207
Воблеры;14083;Воблер YO-ZURI L-MINNOW SINGLE HOOK 33F F955 AMG 33мм/2.5г/до 0.5м;;;;4;4940764236573;5.63;;207
Воблеры;14085;Воблер YO-ZURI L-MINNOW 33S F198 C44 33мм/3.5г/до 1.5м;;;;2;4940764216131;5.64;;208
Воблеры;14086;Воблер YO-ZURI L-MINNOW 33S F198 M92 33мм/3.5г/до 1.5м;;;;2;4940764046998;5.64;;208
Воблеры;14088;Воблер YO-ZURI L-MINNOW 33S F198 M102 33мм/3.5г/до 1.5м;;;;3;4940764046974;5.64;;208
Воблеры;14089;Воблер YO-ZURI L-MINNOW 33S F198 M100 33мм/3.5г/до 1.5м;;;;5;4940764046950;5.64;;208
Воблеры;14090;Воблер YO-ZURI L-MINNOW 44S F199 M101 44мм/5.5г/до 1.5м;;;;7;4940764047025;5.8;;213
Воблеры;14091;Воблер YO-ZURI L-MINNOW 44S F199 M100 44мм/5.5г/до 1.5м;;;;8;4940764047018;5.8;;213
Воблеры;14092;Воблер YO-ZURI L-MINNOW 44S F199 C44 44мм/5.5г/до 1.5м;;;;3;4940764199434;5.8;;213
Воблеры;14093;Воблер YO-ZURI L-MINNOW 44S F199 M102 44мм/5.5г/до 1.5м;;;;5;4940764047032;5.8;;213
Воблеры;14094;Воблер YO-ZURI L-MINNOW 66S F200 M101 66мм/7г/до 1.5м;;;;3;4940764047087;6;;221
Воблеры;14096;Воблер YO-ZURI L-MINNOW 66S F200 M102 66мм/7г/до 1.5м;;;;5;4940764047094;6;;221
Воблеры;14097;Воблер YO-ZURI L-MINNOW 66S F200 BL 66мм/7г/до 1.5м;;;;2;4940764199441;6;;221
Воблеры;14098;Воблер YO-ZURI L-MINNOW HEAVY WEIGHT 44S F953 SHIW 44мм/9г/до 1.5м;;;;2;4940764236481;6.89;;254
Воблеры;14099;Воблер YO-ZURI L-MINNOW HEAVY WEIGHT 44S F953 CBPT 44мм/9г/до 1.5м;;;;3;4940764236412;6.89;;254
Воблеры;14100;Воблер YO-ZURI PIN'S MINNOW 50F F1014 SHMY 50мм/2г/до 0.5м;;;;2;756791409279;5.63;;207
Воблеры;14101;Воблер YO-ZURI PIN'S MINNOW 50F F1014 M176 50мм/2г/до 0.5м;;;;2;756791409217;5.63;;207
Воблеры;14102;Воблер YO-ZURI PIN'S MINNOW 50F F1014 GBL 50мм/2г/до 0.5м;;;;1;756791409163;5.63;;207
Воблеры;14103;Воблер YO-ZURI PIN'S MINNOW 50F F1014 M44 50мм/2г/до 0.5м;;;;2;756791409231;5.63;;207
Воблеры;14104;Воблер YO-ZURI PIN'S MINNOW 50F F1014 BL 50мм/2г/до 0.5м;;;;2;756791409149;5.63;;207
Воблеры;14105;Воблер YO-ZURI PIN'S MINNOW 50F F196 GSBS 50мм/2г/до 0.5м;;;;2;4940764207306;5.63;;207
Воблеры;14106;Воблер YO-ZURI PIN'S MINNOW 50F F196 BL 50мм/2г/до 0.5м;;;;1;4940764184461;5.63;;207
Воблеры;14107;Воблер YO-ZURI PIN'S MINNOW 50F F196 GBL 50мм/2г/до 0.5м;;;;2;4940764233435;5.63;;207
Воблеры;14108;Воблер YO-ZURI 3DS CRANK SR 50F F1036 HHAY 50мм/8г/0.5-1м;;;;3;4940764413233;7.98;;294
Воблеры;14109;Воблер YO-ZURI 3DS CRANK SR 50F F1036 HTS 50мм/8г/0.5-1м;;;;3;4940764413271;7.98;;294
Воблеры;14110;Воблер YO-ZURI 3DS CRANK SR 50F F1036 MBG 50мм/8г/0.5-1м;;;;1;4940764414087;7.98;;294
Воблеры;14111;Воблер YO-ZURI 3DS CRANK SR 50F F1036 MSS 50мм/8г/0.5-1м;;;;4;4940764414124;7.98;;294
Воблеры;14112;Воблер YO-ZURI PIN'S MINNOW SINGLE HOOK 50S F956 ADJ 50мм/2г/до 0.5м;;;;1;4940764236658;5.63;;207
Воблеры;14113;Воблер YO-ZURI PIN'S MINNOW SINGLE HOOK 50S F956 DJ 50мм/2г/до 0.5м;;;;2;4940764236689;5.63;;207
Воблеры;14114;Воблер YO-ZURI PIN'S MINNOW SINGLE HOOK 50S F956 CHLT 50мм/2г/до 0.5м;;;;2;4940764236672;5.63;;207
Воблеры;14115;Воблер YO-ZURI PIN'S MINNOW SINGLE HOOK 50S F956 KBKR 50мм/2г/до 0.5м;;;;3;4940764236702;5.63;;207
Воблеры;14116;Воблер YO-ZURI 3DS SHAD SR 65SP F957 HHPB 65мм/6г/1м;;;;2;4940764236764;7.67;;282
Воблеры;14118;Воблер YO-ZURI 3DS SHAD SR 65SP F957 HTS 65мм/6г/1м;;;;1;4940764236856;7.67;;282
Воблеры;14119;Воблер YO-ZURI CRYSTAL MINNOW 70F R836 C4 70мм/5г/ до 0.6м;;;;2;4940764182214;7.47;;275
Воблеры;14120;Воблер YO-ZURI CRYSTAL MINNOW 70F R836 SBR 70мм/5г/ до 0.6м;;;;1;4940764182283;7.47;;275
Воблеры;14121;Воблер YO-ZURI CRYSTAL MINNOW 70F R836 GHCR 70мм/5г/ до 0.6м;;;;2;4940764214564;7.47;;275
Воблеры;14122;Воблер YO-ZURI SASHIMI MID CRANK 70F R1061 CMBC 70мм/15г/1.2-1.8м;;;;2;756791418387;9.86;;363
Воблеры;14123;Воблер YO-ZURI SASHIMI MID CRANK 70F R1061 CSBG 70мм/15г/1.2-1.8м;;;;2;756791405356;9.86;;363
Воблеры;14124;Воблер YO-ZURI SASHIMI MID CRANK 70F R1061 CMCF 70мм/15г/1.2-1.8м;;;;2;756791405318;9.86;;363
Воблеры;14125;Воблер YO-ZURI EBA SHAD F755  SHAJ 50мм/4г/до 1.5м;;;;2;4940764152354;7.86;;289
Воблеры;14126;Воблер YO-ZURI EBA SHAD F755  SHKT 50мм/4г/до 1.5м;;;;2;4940764221203;7.86;;289
Воблеры;14127;Воблер YO-ZURI EBA SHAD F755  SHS 50мм/4г/до 1.5м;;;;1;4940764223566;7.86;;289
Воблеры;14128;Воблер YO-ZURI EBA SHAD F755  SHGM 50мм/4г/до 1.5м;;;;1;4940764221180;7.86;;289
Воблеры;14129;Воблер YO-ZURI EBA SHAD F755  SHIW 50мм/4г/до 1.5м;;;;2;4940764152347;7.86;;289
Воблеры;14130;Воблер YO-ZURI EBA SHAD F755  SHKS 50мм/4г/до 1.5м;;;;1;4940764221197;7.86;;289
Воблеры;14131;Воблер YO-ZURI SNAP BEANS(S) SET 20mm & 25mm  F237 М2 20мм/1г & 25/2г  тонущие;;;;4;4940764075806;8.01;;295
Воблеры;14132;Воблер YO-ZURI SNAP BEANS(S) SET 20mm & 25mm  F237 М167 20мм/1г & 25/2г  тонущие;;;;1;4940764075813;8.01;;295
Воблеры;14133;Воблер YO-ZURI EBA POPPER F414 TMCL 50мм/4г/поверхностный;;;;1;4940764195252;7.86;;289
Воблеры;14134;Воблер YO-ZURI EBA POPPER F414 SHGM 50мм/4г/поверхностный;;;;1;4940764221241;7.86;;289
Воблеры;14135;Воблер YO-ZURI EBA POPPER F414 SHIW 50мм/4г/поверхностный;;;;1;4940764195238;7.86;;289
Воблеры;14136;Воблер YO-ZURI EBA POPPER F414 SHS 50мм/4г/поверхностный;;;;3;4940764223603;7.86;;289
Воблеры;14137;Воблер YO-ZURI EBA MINNOW F413 SHS 55мм/4г/до 1.2м;;;;2;4940764223580;7.86;;289
Воблеры;14138;Воблер YO-ZURI 3DS VIBE 60S F959  HGBL 60мм/14г/1.5м;;;;1;4940764236917;8;;294
Воблеры;14139;Воблер YO-ZURI 3D FLAT CRANK F683 OK 55мм/7.5г/до 1.2м;;;;1;4940764124672;7.96;;293
Воблеры;14140;Воблер YO-ZURI 3D FLAT CRANK F683 AY 55мм/7.5г/до 1.2м;;;;1;4940764124627;7.96;;293
Воблеры;14141;Воблер YO-ZURI 3D FLAT CRANK F683 NPB 55мм/7.5г/до 1.2м;;;;1;4940764124665;7.96;;293
Воблеры;14142;Воблер YO-ZURI 3DS MINNOW 70SP F962 HHPB 70мм/7г/0.8м;;;;1;4940764237167;8;;294
Воблеры;14143;Воблер YO-ZURI 3DS MINNOW 70SP F962 HTS 70мм/7г/0.8м;;;;2;4940764237174;8;;294
Воблеры;14144;Воблер PONTOON 21 GagaGoon 45S-SR 45mm. 3.5gr. 0.3-0.6m. 315;;;;2;4571115344885;6.15;;226
Воблеры;14146;Воблер PONTOON 21 GagaGoon 45S-SR 45mm. 3.5gr. 0.3-0.6m. 211;;;;2;4571115344908;6.15;;226
Воблеры;14147;Воблер PONTOON 21 GagaGoon 45S-SR 45mm. 3.5gr. 0.3-0.6m. 321;;;;2;4571115344878;6.15;;226
Воблеры;14148;Воблер PONTOON 21 GagaGoon 45S-SR 45mm. 3.5gr. 0.3-0.6m. 213;;;;2;4571115344915;6.15;;226
Воблеры;14150;Воблер PONTOON 21 GagaGoon 45S-SR 45mm. 3.5gr. 0.3-0.6m. 807;;;;1;4571115344946;6.15;;226
Воблеры;14151;Воблер PONTOON 21 GagaGoon 45S-SR 45mm. 3.5gr. 0.3-0.6m. 730;;;;2;4571115344922;6.15;;226
Воблеры;14152;Воблер PONTOON 21 GagaGoon 45S-SR 45mm. 3.5gr. 0.3-0.6m. 850;;;;1;4571115344939;6.15;;226
Воблеры;14153;Воблер PONTOON 21 GagaGoon 45S-SR 45mm. 3.5gr. 0.3-0.6m. 305;;;;1;4571115344892;6.15;;226
Воблеры;14154;Воблер PONTOON 21 Bet-A-Shad 63F SR 63mm. 7.3gr. 0.1-0.3m 005;;;;3;4571115356857;7.15;;263
Воблеры;14155;Воблер PONTOON 21 Bet-A-Shad 63F SR 63mm. 7.3gr. 0.1-0.3m 317;;;;3;4571115356918;7.15;;263
Воблеры;14156;Воблер PONTOON 21 Bet-A-Shad 63F SR 63mm. 7.3gr. 0.1-0.3m R60;;;;3;4571115356949;7.15;;263
Воблеры;14157;Воблер PONTOON 21 Bet-A-Shad 63F SR 63mm. 7.3gr. 0.1-0.3m 712;;;;3;4571115359414;7.15;;263
Воблеры;14158;Воблер PONTOON 21 Bet-A-Shad 63F SR 63mm. 7.3gr. 0.1-0.3m 050;;;;3;4571115356888;7.15;;263
Воблеры;14159;Воблер PONTOON 21 SapShad 65F SR 65mm. 6.25gr. 0.4-0.7m 154;;;;2;4571115350961;8;;294
Воблеры;14160;Воблер PONTOON 21 SapShad 65F SR 65mm. 6.25gr. 0.4-0.7m 304;;;;2;4571115350985;8;;294
Воблеры;14161;Воблер PONTOON 21 SapShad 65F SR 65mm. 6.25gr. 0.4-0.7m 007;;;;2;4571115350916;8;;294
Воблеры;14162;Воблер PONTOON 21 SapShad 65F SR 65mm. 6.25gr. 0.4-0.7m 051;;;;2;4571115350947;8;;294
Воблеры;14163;Воблер PONTOON 21 SapShad 65F SR 65mm. 6.25gr. 0.4-0.7m 050;;;;2;4571115350930;8;;294
Воблеры;14164;Воблер PONTOON 21 SapShad 65F SR 65mm. 6.25gr. 0.4-0.7m 222;;;;2;4571115350978;8;;294
Воблеры;14165;Воблер PONTOON 21 SapShad 65F SR 65mm. 6.25gr. 0.4-0.7m R51;;;;2;4571115350992;8;;294
Воблеры;14166;Воблер PONTOON 21 Loco Perrito 65DW 65mm. 837;;;;2;4571115338334;8.7;;320
Воблеры;14167;Воблер PONTOON 21 Loco Perrito 65DW 65mm. 830;;;;1;4571115338235;8.7;;320
Воблеры;14168;Воблер PONTOON 21 Loco Perrito 65DW 65mm. 853;;;;1;4571115338259;8.7;;320
Воблеры;14169;Воблер PONTOON 21 CrackJack 48SP 48mm. 3.2gr. 0.8-1.2m;;;;2;4571115310484;6.5;;239
Воблеры;14170;Воблер PONTOON 21 CrackJack 48F 48mm. 3.1gr. 0.8-1.0m A62;;;;1;4571115354396;6.5;;239
Воблеры;14171;Воблер PONTOON 21 CrackJack 48F 48mm. 3.1gr. 0.8-1.0m A15;;;;1;4571115354389;6.5;;239
Воблеры;14172;Воблер PONTOON 21 CrackJack 48F 48mm. 3.1gr. 0.8-1.0m 111;;;;1;4571115310231;6.5;;239
Воблеры;14173;Воблер PONTOON 21 Alter-Idem 36SP 36mm. 2.2gr. 0.6-1.0m SR 921;;;;4;4571115329646;6.2;;228
Воблеры;14174;Воблер PONTOON 21 Cheerful 34F 34mm. 1.6gr. 0.6-1.0m 042;;;;1;4571115332677;6.15;;226
Воблеры;14175;Воблер PONTOON 21 Cheerful 34F 34mm. 1.6gr. 0.6-1.0m 070;;;;1;4571115354679;6.15;;226
Воблеры;14176;Воблер PONTOON 21 Greedy-Guts 44F-MDR 44mm. 2.3gr. 0.8-1.0m 417;;;;1;4571115332349;6.7;;247
Воблеры;14177;Воблер PONTOON 21 Greedy-Guts 44F-MDR 44mm. 2.3gr. 0.8-1.0m 407;;;;1;4571115332332;6.7;;247
Воблеры;14178;Воблер PONTOON 21 Greedy-Guts 44F-MDR 44mm. 2.3gr. 0.8-1.0m 430;;;;1;4571115332363;6.7;;247
Воблеры;14179;Воблер Pontoon 21 HYPNOSE 38F-SR 38mm. 3.7g. 0.3-0.7m  R10;;;;1;4571115309389;6.15;;226
Воблеры;14180;Воблер PONTOON 21 BullyBoo 45F-SR составн. 45mm. 241;;;;1;4571115356185;6.35;;234
Воблеры;14181;Воблер PONTOON 21 Greedy-Guts 55F-MDR 55mm. 4.1gr. 1.2-1.5m 435;;;;1;4571115324665;6.7;;247
Воблеры;14182;Воблер PONTOON 21 Greedy-Guts 55F-MDR 55mm. 4.1gr. 1.2-1.5m 430;;;;1;4571115324627;6.7;;247
Воблеры;14184;Воблер PONTOON 21 Greedy-Guts 66F-MDR 66mm. 7gr. 1.5-2m 435;;;;1;4571115314475;6.7;;247
Воблеры;14185;Воблер PONTOON 21 Mojarrilla 40F MR 40mm. 3.4gr. 1.0-1.4m 902;;;;1;4571115334848;6.75;;248
Воблеры;14186;Воблер PONTOON 21 Mojarrilla 40F MR 40mm. 3.4gr. 1.0-1.4m 907;;;;1;4571115334732;6.75;;248
Воблеры;14187;Воблер Kosadaka Host XS 70F HT;;;;1;4921775556461;4;;147
Воблеры;14188;Воблер Kosadaka Host XS 70F CNT;;;;1;4921775556430;4;;147
Воблеры;14189;Воблер Kosadaka Host XS 70F MHT;;;;2;4921775556478;4;;147
Воблеры;14190;Воблер Kosadaka Host XS 70F PSSH;;;;2;4921775556515;4;;147
Воблеры;14191;Воблер Kosadaka Host XS 70F PC;;;;1;4921775556492;4;;147
Воблеры;14192;Воблер Kosadaka Host XS 70F NT;;;;1;4921775556485;4;;147
Воблеры;14193;Воблер Kosadaka Host XS 70F SBL;;;;1;4921775556522;4;;147
Воблеры;14194;Воблер Kosadaka Host XS 70F GTR;;;;2;4921775556454;4;;147
Воблеры;14195;Воблер Kosadaka Host XS 70F GT;;;;2;4921775556447;4;;147
Воблеры;14196;Воблер Kosadaka Mirage X5 85F GTR;;;;2;4921775556553;4.5;;167
Воблеры;14197;Воблер Kosadaka Mirage X5 85F GT;;;;3;4921775556546;4.5;;167
Воблеры;14198;Воблер Kosadaka Mirage X5 85F CNT;;;;2;4921775556539;4.5;;167
Воблеры;14199;Воблер Kosadaka Mirage X5 85F NT;;;;1;4921775556584;4.5;;167
Воблеры;14200;Воблер Kosadaka Mirage X5 85F PSSH;;;;1;4921775556614;4.5;;167
Воблеры;14201;Воблер Kosadaka Meta XS 95F GT;;;;2;4921775556744;4.5;;167
Воблеры;14202;Воблер Kosadaka Meta XS 95F GTR;;;;2;4921775556751;4.5;;167
Воблеры;14203;Воблер Kosadaka Meta XS 95F CNT;;;;1;4921775556737;4.5;;167
Воблеры;14205;Воблер Kosadaka Meta XS 65F PSSH;;;;2;4921775537842;4;;147
Воблеры;14206;Воблер Kosadaka Meta XS 65F CNT;;;;2;4921775537767;4;;147
Воблеры;14207;Воблер Kosadaka Meta XS 65F GTR;;;;2;4921775552012;4;;147
Воблеры;14208;Воблер Kosadaka Meta XS 65F PC;;;;3;4921775537835;4;;147
Воблеры;14209;Воблер Kosadaka Ultima XS 90F GT;;;;1;4921775554290;4;;147
Воблеры;14210;Воблер Kosadaka Ultima XS 90F CNT;;;;1;4921775554283;4;;147
Воблеры;14211;Воблер Kosadaka Ultima XS 90F PSSH;;;;1;4921775554368;4;;147
Воблеры;14212;Воблер Kosadaka Ultima XS 90F PNT;;;;1;4921775554351;4;;147
Воблеры;14213;Воблер Kosadaka Ultima XS 90F SBL;;;;1;4921775554375;4;;147
Воблеры;14214;Воблер Kosadaka Boxer XS 40F GT;;;;2;4921775534216;4;;147
Воблеры;14215;Воблер Kosadaka Boxer XS 40F GTR;;;;2;4921775551619;4;;147
Воблеры;14216;Воблер Kosadaka Boxer XS 40F MHT;;;;2;4921775534230;4;;147
Воблеры;14218;Воблер Kosadaka ION XS 130F GTR;;;;2;4921775554207;4;;147
Воблеры;14219;Воблер Kosadaka ION XS 130F CNT;;;;2;4921775554184;4;;147
Воблеры;14220;Воблер Kosadaka ION XS 110F NT;;;;1;4921775554139;4;;147
Воблеры;14221;Воблер Kosadaka ION XS 110F GTR;;;;1;4921775554108;4;;147
Воблеры;14222;Воблер Kosadaka ION XS 110F GT;;;;1;4921775554092;4;;147
Воблеры;14223;Воблер Kosadaka ION XS 110F PSSH;;;;1;4921775554160;4;;147
Воблеры;14224;Воблер Kosadaka ION XS 70F GTR;;;;1;4921775551459;4;;147
Воблеры;14225;Воблер Kosadaka ION XS 70F SBL;;;;1;4921775534513;4;;147
Воблеры;14226;Воблер Kosadaka ION XS 70F CNT;;;;1;4921775534476;4;;147
Воблеры;14227;Воблер Kosadaka ION XS 55F PNT;;;;1;4921775551404;4;;147
Воблеры;14228;Воблер Kosadaka FLASH XS 130F GTR;;;;2;4921775558250;4.5;;166
Воблеры;14229;Воблер Kosadaka FLASH XS 130F PSSH;;;;2;4921775558311;4.5;;166
Воблеры;14230;Воблер Kosadaka FLASH XS 130F MHT;;;;1;4921775558274;4.5;;166
Воблеры;14231;Воблер Kosadaka FLASH XS 110F PC;;;;2;4921775558397;4.5;;166
Воблеры;14232;Воблер Kosadaka FLASH XS 110F SBL;;;;2;4921775558427;4.5;;166
Воблеры;14233;Воблер Kosadaka FLASH XS 110F CNT;;;;2;4921775558335;4.5;;166
Воблеры;14234;Воблер Kosadaka FLASH XS 110F PNT;;;;2;4921775558403;4.5;;166
Воблеры;14235;Воблер Kosadaka VOLT XS 85F NT;;;;1;4921775558083;4;;147
Воблеры;14236;Воблер Kosadaka VOLT XS 85F GTR;;;;1;4921775558052;4;;147
Воблеры;14237;Воблер Kosadaka VOLT XS 85F CNT;;;;1;4921775558038;4;;147
Воблеры;14238;Воблер Kosadaka VOLT XS 85F GT;;;;1;4921775558045;4;;147
Воблеры;14239;Воблер Kosadaka VOLT XS 70F PSSH;;;;1;4921775558212;4;;147
Воблеры;14240;Воблер Kosadaka VOLT XS 70F MHT;;;;1;4921775558175;4;;147
Воблеры;14241;Воблер Kosadaka VOLT XS 70F NT;;;;1;4921775558182;4;;147
Воблеры;14242;Воблер Kosadaka Gravity XS 55S NT;;;;1;4921775557383;4;;147
Воблеры;14243;Воблер Kosadaka Gravity XS 55S GTR;;;;1;4921775557352;4;;147
Воблеры;14244;Воблер Kosadaka Gravity XS 55S PNT;;;;1;4921775557406;4;;147
Воблеры;14245;Воблер Kosadaka Gravity XS 55S CNT;;;;1;4921775557338;4;;147
Воблеры;14246;Воблер Kosadaka Gravity XS 55S GT;;;;1;4921775557345;4;;147
Воблеры;14247;Воблер Kosadaka Gravity XS 55S SBL;;;;1;4921775557420;4;;147
Воблеры;14248;Воблер Kosadaka VOX popper 50 MHT;;;;1;4921775554016;4;;147
Воблеры;14249;Воблер Kosadaka VOX popper 50 PSSH;;;;1;4921775554047;4;;147
Воблеры;14250;Воблер Kosadaka VOX popper 50 NT;;;;1;4921775554023;4;;147
Воблеры;14251;Воблер Kosadaka VOX popper 50 GTR;;;;1;4921775554061;4;;147
Воблеры;14252;Воблер Kosadaka VOX popper 50 CNT;;;;1;4921775553989;4;;147
Воблеры;14253;Воблер Kosadaka DECOY XS 75F MHT;;;;2;4921775558571;4.5;;166
Воблеры;14254;Воблер Kosadaka DECOY XS 75F GT;;;;1;4921775558540;4.5;;166
Воблеры;14255;Воблер Kosadaka DECOY XS 75F NT;;;;1;4921775558588;4.5;;166
Воблеры;14256;Воблер Kosadaka DECOY XS 75F GTR;;;;1;4921775558557;4.5;;166
Воблеры;14257;Воблер Kosadaka CORD-R XS 90F GT;;;;1;4921775554894;4.5;;166
Воблеры;14258;Воблер Kosadaka CORD-R XS 90F SBL;;;;1;4921775554979;4.5;;166
Воблеры;14259;Воблер Kosadaka CORD-R XS 90F PC;;;;2;4921775554948;4.5;;166
Воблеры;14260;Воблер Kosadaka TAKAO 70 PNT;;;;1;4921775554559;4.5;;166
Воблеры;14261;Воблер Kosadaka TAKAO 70 GTR;;;;2;4921775554504;4.5;;166
Воблеры;14262;Воблер Kosadaka TAKAO 70 SBL;;;;1;4921775554573;4.5;;166
Воблеры;14263;Воблер Kosadaka TAKAO 70 GT;;;;2;4921775554498;4.5;;166
Воблеры;14264;Воблер Kosadaka TAKAO 70 MHT;;;;2;4921775554528;4.5;;166
Воблеры;14265;Воблер Kosadaka TAKAO 70 HT;;;;1;4921775554511;4.5;;166
Воблеры;14266;Воблер Kosadaka TAKAO 55 MHT;;;;3;4921775554627;4.5;;166
Воблеры;14267;Воблер Kosadaka TAKAO 55 CNT;;;;1;4921775554580;4.5;;166
Воблеры;14268;Воблер Kosadaka TAKAO 55 GT;;;;2;4921775554597;4.5;;166
Воблеры;14269;Воблер Kosadaka TAKAO 55 GTR;;;;3;4921775554603;4.5;;166
Воблеры;14270;Воблер Kosadaka COSTA XS 60F MHT;;;;1;4921775557475;4;;147
Воблеры;14271;Воблер Kosadaka COSTA XS 60F GTR;;;;1;4921775557451;4;;147
Воблеры;14272;Воблер Kosadaka COSTA XS 60F PC;;;;1;4921775557499;4;;147
Воблеры;14273;Воблер Kosadaka COSTA XS 60F GT;;;;1;4921775557444;4;;147
Воблеры;14274;Воблер Kosadaka COSTA XS 60F PSSH;;;;1;4921775557512;4;;147
Воблеры;14275;Воблер Kosadaka GLIDE 70 MHT;;;;1;4921775554825;4;;147
Воблеры;14276;Воблер Kosadaka GLIDE 70 GT;;;;1;4921775554795;4;;147
Воблеры;14277;Воблер Kosadaka GLIDE 70 GTR;;;;1;4921775554801;4;;147
Воблеры;14278;Воблер Kosadaka GLIDE 70 CNT;;;;1;4921775554788;4;;147
Воблеры;14279;Воблер Kosadaka MAMBA XD 50F HT;;;;1;4921775534063;4;;147
Воблеры;14280;Воблер Kosadaka MAMBA XD 50F CNT;;;;1;4921775534056;4;;147
Воблеры;14281;Воблер Kosadaka INBORN XS 60F GT;;;;2;4921775553095;4;;147
Воблеры;14282;Воблер Kosadaka INBORN XS 60F GTR;;;;2;4921775553163;4;;147
Воблеры;14283;Воблер Kosadaka INBORN XS 60F MHT;;;;2;4921775553118;4;;147
Воблеры;14284;Воблер Kosadaka INBORN XS 75F NT;;;;1;4921775553026;4;;147
Воблеры;14285;Воблер Kosadaka INBORN XS 75F GTR;;;;1;4921775553064;4;;147
Воблеры;14286;Воблер Kosadaka INBORN XS 75F GT;;;;1;4921775552999;4;;147
Воблеры;14287;Воблер Kosadaka INBORN XS 75F CNT;;;;3;4921775552982;4;;147
Воблеры;14288;Воблер Kosadaka MASCOT XS 80F MHT;;;;1;4921775536814;4;;147
Воблеры;14289;Воблер Kosadaka MASCOT XS 80F NT;;;;2;4921775536821;4;;147
Воблеры;14290;Воблер Kosadaka MASCOT XS 80F SBL;;;;2;4921775536852;4;;147
Воблеры;14292;Воблер Kosadaka MYSTIC XS 95F PSSH;;;;2;4921775537941;4;;147
Воблеры;14293;Воблер Kosadaka MYSTIC XS 95F GTR;;;;2;4921775552036;4;;147
Воблеры;14294;Воблер Kosadaka MYSTIC XS 95F CNT;;;;1;4921775537866;4;;147
Воблеры;14295;Воблер Kosadaka VOX popper 60 CNT;;;;2;4921775553880;4;;147
Воблеры;14296;Воблер Kosadaka VOX popper 60 PNT;;;;1;4921775553972;4;;147
Воблеры;14297;Воблер Kosadaka VOX popper 60 PC;;;;1;4921775553934;4;;147
Воблеры;14298;Воблер Kosadaka VOX popper 60 GT;;;;1;4921775553897;4;;147
Воблеры;14299;Воблер Smith Camion SR 32mm 2.5g 20 F;;;;1;4511474126463;11.16;;456
Воблеры;14300;Воблер Smith Camion SR 32mm 2.5g 05 F;;;;1;4511474102337;8.82;;368
Воблеры;14301;Воблер Smith Camion SR 32mm 2.5g 30 F;;;;1;4511474149394;8.37;;342
Воблеры;14302;Воблер Smith Camion Magnum SSR 36mm 3.3g 55 F;;;;1;2000000143026;10.98;;449
Воблеры;14303;Воблер Smith Camion Magnum SR 36mm 3.1g 01 F;;;;1;4511474142586;10.98;;449
Воблеры;14304;Воблер Smith Camion Magnum SSR 36mm 3.3g 06 F;;;;1;4511474132631;10.98;;449
Воблеры;14305;Воблер Smith Camion DR 32mm 2.7g 31 F;;;;2;4511474149462;8.1;;298
Воблеры;14306;Воблер Smith Camion DR 32mm 2.7g 06 F;;;;1;4511474104980;8.1;;298
Воблеры;14307;Воблер Smith Camion DR 32mm 2.7g 22 F;;;;1;4511474126531;8.1;;298
Воблеры;14308;Воблер Smith Camion DR 32mm 2.7g 23 F;;;;1;4511474126548;8.1;;298
Воблеры;14309;Воблер Smith Camion DR 32mm 2.7g 03 F;;;;1;4511474104959;8.1;;298
Воблеры;14310;Воблер Smith Camion DR 32mm 2.7g 35 F;;;;2;4511474161389;8.1;;298
Воблеры;14311;Воблер Smith Camion DR 32mm 2.7g 29 F;;;;2;4511474149448;8.1;;298
Воблеры;14312;Воблер Smith Camion DR 32mm 2.7g 19 F;;;;2;4511474126500;8.1;;298
Воблеры;14313;Воблер Smith Camion DR 32mm 2.7g 28 F;;;;2;4511474142562;8.1;;298
Воблеры;14314;Воблер Smith Camion DR 32mm 2.7g 05 F;;;;2;4511474104973;8.1;;298
Воблеры;14315;Воблер Smith Camion DR 32mm 2.7g 30 F;;;;2;4511474149455;8.1;;298
Воблеры;14316;Воблер Smith Camion DR 32mm 2.7g 02 F;;;;1;4511474104942;8.1;;298
Воблеры;14317;Воблер Smith Camion Magnum SR 36mm 3.1g 695 F;;;;1;2216650357014;10.98;;449
Воблеры;14318;Воблер Smith Camion Magnum SR 36mm 3.1g 680 F;;;;1;2216650330017;10.98;;449
Воблеры;14319;Воблер Smith Camion Magnum SR 36mm 3.1g 691 F;;;;2;2000000143194;10.98;;449
Воблеры;14320;Воблер Smith Camion Magnum SR 36mm 3.1g 01 F;;;;1;4511474135137;10.98;;449
Воблеры;14321;Воблер Smith Camion Magnum SR 36mm 3.1g 09 F;;;;1;4511474135212;10.98;;449
Воблеры;14322;Воблер Smith Camion SR 32mm 2.5g 36 F;;;;1;4511474161334;9;;368
Воблеры;14323;Воблер Smith Camion SR 32mm 2.5g 22 F;;;;1;4511474126487;8.82;;361
Воблеры;14325;Воблер Megabass Griffon MR-X 45F 7.3гр gg gill;;;;1;4513473271236;15.81;;470
Воблеры;14326;Воблер Megabass Griffon MR-X 45F 7.3гр gg bass;;;;1;4513473026355;15.81;;470
Воблеры;14327;Воблер Megabass Griffon MR-X 45F 7.3гр gg chart bac bass;;;;1;4513473271342;15.81;;470
Воблеры;14328;Воблер Megabass Griffon SR-X 45F 7.0гр gg bass;;;;1;4513473019326;15.81;;470
Воблеры;14329;Воблер Megabass Griffon SR-X 45F 7.0гр gp pro blue II;;;;1;4513473259425;15.81;;470
Воблеры;14330;Воблер Megabass Griffon SR-X 45F 7.0гр table rock sp;;;;1;4513473257674;15.81;;470
Воблеры;14331;Воблер Megabass X-30 33F 1.2гр gg kingyo;;;;1;4513473013287;13;;410
Воблеры;14332;Воблер Megabass X-30 33F 1.2гр nc all-red;;;;1;4513473209574;13;;410
Воблеры;14333;Воблер Megabass X-30 33F 1.2гр mat-co-chart;;;;1;4513473029769;13;;410
Воблеры;14334;Воблер Megabass X-30 33F 1.2гр m orange-gold;;;;1;4513473209437;13;;410
Воблеры;14335;Воблер Megabass shading X-55 55SSP 3.0гр GLX SUNSHINE GILL;;;;1;4513473332142;15.81;;470
Воблеры;14336;Воблер Megabass shading X-55 55SSP 3.0гр MAT SHINKO;;;;1;4513473332135;15.81;;470
Воблеры;14337;Воблер Megabass Baby Griffon 38F 5.25гр pm ayu;;;;1;4513473204289;15.81;;470
Воблеры;14338;Воблер Megabass Live-X Smolt 48SP 3.5гр pm chiayu;;;;1;4513473029127;14;;410
Воблеры;14339;Воблер Megabass Live-X Smolt 48SP 3.5гр gg bass;;;;1;2000000143392;14;;410
Воблеры;14341;Воблер Usami Nishin 65SP-SR 7г. URO3. 0.8м;;;;1;2500000008078;3.6;;147
Воблеры;14342;Воблер Usami Nishin 65SP-SR 7г. 354. 0.8м;;;;1;2500000008016;3.6;;147
Воблеры;14343;Воблер Usami Nishin 65SP-SR 7г. 565. 0.8м;;;;1;2500000007989;3.6;;147
Воблеры;14344;Воблер Usami Nishin 65SP-SR 7г. UR11. 0.8м;;;;1;2500000008092;3.6;;147
Воблеры;14345;Воблер Usami Daiba 40S 3.7гр. 019UV . sinking;;;;2;2500000013034;3.6;;147
Воблеры;14346;Воблер Usami Daiba 40S 3.7гр. 565. sinking;;;;2;2500000013089;3.6;;147
Воблеры;14347;Воблер Usami KAMA 70SP-MR 10.1гр. 105. 1м;;;;1;2500000012204;3.96;;162
Воблеры;14348;Воблер Usami KAMA 70SP-MR 10.1гр. Ur03. 1м;;;;1;2500000012242;3.96;;162
Воблеры;14349;Воблер Usami KAMA 70SP-MR 10.1гр. 486. 1м;;;;1;2500000012280;3.96;;162
Воблеры;14350;Воблер Usami Shirasu 38SP- SR 2.6г. UR10. 0.3м;;;;1;2500000003790;3.42;;140
Воблеры;14351;Воблер Usami Shirasu 38SP- SR 2.6г. UR09. 0.3м;;;;1;2500000009419;3.42;;140
Воблеры;14352;Воблер Usami Shirasu 38SP- SR 2.6г. 574. 0.3м;;;;1;2500000003820;3.42;;140
Воблеры;14353;Воблер Usami Kabu 25S-SR 2.6гр. 336UV. 0.5м;;;;1;2500000011894;3.15;;129
Воблеры;14354;Воблер Usami Kabu 25S-SR 2.6гр. 567. 0.5м;;;;1;2500000009822;3.15;;129
Воблеры;14355;Воблер Usami Kabu 25S-SR 2.6гр. 593. 0.5м;;;;1;2500000009884;3.15;;129
Воблеры;14356;"Воблер Usami Datsu 50F-DR 2.9г. UR02. 0.8-1м	";;;;2;2500000000799;3.06;;125
Воблеры;14357;Воблер Usami Datsu 50F-DR 2.9г. 106. 0.8-1м;;;;2;2500000000768;3.06;;125
Воблеры;14358;"Воблер Usami Datsu 50F-DR 2.9г. 450. 0.8-1м	";;;;1;2500000000690;3.06;;125
Воблеры;14359;Воблер Usami Enpitsu 53DW 2.6гр. 447. topwater;;;;1;2500000011191;3.6;;147
Воблеры;14360;Воблер Usami Enpitsu 53DW 2.6гр. 119UV. topwater;;;;1;2500000011856;3.6;;147
Воблеры;14361;Воблер Usami Enpitsu 53DW 2.6гр. 458UV. topwater;;;;1;2500000011849;3.6;;147
Воблеры;14362;Воблер Usami Shirasu 58F- SR 5.1г. UR06. 0.8м;;;;1;2500000008757;3.24;;133
Воблеры;14363;Воблер Usami Purin 38F-SR 3.9г. UR12. 0.5м;;;;1;2500000010026;3.42;;140
Воблеры;14364;Воблер Usami Tobikera 40F-MR 3.3г. UR09. 1.5м;;;;1;2500000008665;3.06;;125
Воблеры;14365;Воблер Usami Tobikera 40F-MR 3.3г. UR10. 1.5м;;;;1;2500000003042;3.06;;125
Воблеры;14366;Воблер Usami Tesuta 55SS-SR 4.7г. UR11. sinking;;;;1;2500000008573;3.33;;136
Воблеры;14367;"Воблер Usami Tesuta 55SS-SR 4.7г. 345. sinking	";;;;1;2500000008542;3.33;;136
Воблеры;14368;Воблер Usami Shirasu 58SP- SR 5.2г. UR10. 0.8м;;;;1;2500000008870;3.51;;144
Воблеры;14369;Воблер Usami Shirasu 58SP- SR 5.2г. 450. 0.8м;;;;1;2500000008795;3.51;;144
Воблеры;14370;Воблер Usami Sukeru 60SP-MR 5.1г. 565. 1.5м;;;;2;2500000010163;3.33;;136
Воблеры;14371;"Воблер Usami Jir 110SP-SR 12.5гр. UR 11. 0.7м	";;;;1;2500000013362;5.04;;206
Воблеры;14372;Воблер Usami Jir 110SP-SR 12.5гр. 565. 0.7м;;;;1;2500000013317;5.04;;206
Воблеры;14373;Воблер Maria MC Wake 38F 38mm 4g VGG;;;;1;4510001525861;5.58;;228
Воблеры;14374;Воблер Maria MC Wake 38F 38mm 4g CRG;;;;1;4510001525786;5.58;;228
Воблеры;14376;Воблер Maria MC-1 SS38F 38mm 4.2g BGM F 0.3-0.8m;;;;1;4510001509816;6.21;;254
Воблеры;14377;"Воблер Maria MC-1 S38F 38mm 4.2g BBH F 1.5m	";;;;1;4510001497533;5.76;;236
Воблеры;14378;Воблер Maria MC-1 S38F 38mm 4.2g GBOH F 1.5m;;;;1;4510001494891;5.76;;236
Воблеры;14379;"Воблер Maria MC-1 S38F 38mm 4.2g HTM F 1.5m	";;;;1;4510001497571;5.76;;236
Воблеры;14380;Воблер Maria MP-1 55F 55mm 5g CTM;;;;1;4510001523751;5.58;;228
Воблеры;14381;Воблер Maria MP-1 55F 55mm 5g BBOM F;;;;1;4510001503135;5.58;;228
Воблеры;14382;Воблер Maria MP-1 55F 55mm 5g WSG F;;;;1;4510001503258;5.58;;228
Воблеры;14383;Воблер Flint;;;;10;2000000143835;1.84;;68
Воблеры;14384;Воблер Spinner;;;;10;2000000143842;1.63;;60
Воблеры;14385;Воблер EOS;;;;15;2000000143859;1.35;;50
Воблеры;14386;Воблер Gold Star;;;;13;2000000143866;0.54;;25
