категори€;назва;наличие;код;опт;розница
Ликвиды;            CZ Aroma Liquid, caramel, 500 ml  (карамель);38,000;CZ8440;1,43 EUR;64,064
Ликвиды;            CZ Aroma Liquid, cheese-parmesan, 500 ml (сыр пармезан);9,000;CZ4481;1,43 EUR;64,064
Ликвиды;            CZ Aroma Liquid, chocolate, 500 ml (шоколад);24,000;CZ8457;1,43 EUR;64,064
Ликвиды;            CZ Aroma Liquid, honey, 500 ml (мед);1,000;CZ8419;1,43 EUR;64,064
Ликвиды;            CZ Aroma Liquid, lemon, 500 ml (лимон);15,000;CZ4474;1,43 EUR;64,064
Ликвиды;            CZ Aroma Liquid, liver-crab, 500 ml (печень-краб);30,000;CZ8488;1,43 EUR;64,064
Ликвиды;            CZ Aroma Liquid, pineapple, 500 ml (ананас);16,000;CZ6514;1,43 EUR;64,064
Ликвиды;            CZ Aroma Liquid, spice magic, 500 ml  (волшебство специй);10,000;CZ8471;1,43 EUR;64,064
Ликвиды;            CZ Aroma Liquid, squid-halibut, 500 ml (кальмар-палтус);29,000;CZ8495;1,43 EUR;64,064
Ликвиды;            CZ Aroma Liquid, strawberry, 500 ml (клубника);17,000;CZ8402;1,43 EUR;64,064
Ликвиды;            CZ Aroma Liquid, tutti-frutti, 500 ml (тутти фрутти);33,000;CZ8433;1,43 EUR;64,064
Ликвиды;            CZ Aroma Liquid, vanilla, 500 ml (ваниль);56,000;CZ8426;1,43 EUR;64,064
Ликвиды;            CZ Aroma Liquid, XXL carp, 500 ml  (гигантский карп);12,000;CZ8464;1,43 EUR;64,064
Ликвиды;            Aroma Liquid Concentrated, big carp, 200 ml (большой карп);7,000;CZ5381;1,57 EUR;70,336
Ликвиды;            Aroma Liquid Concentrated, bream, 200 ml (лещ);;CZ5374;1,57 EUR;70,336
Ликвиды;            Aroma Liquid Concentrated, caramel, 200 ml (карамель);24,000;CZ5329;1,57 EUR;70,336
Ликвиды;            Aroma Liquid Concentrated, cheese-parmesan, 200 ml (сыр пармезан);26,000;CZ4498;1,57 EUR;70,336
Ликвиды;            Aroma Liquid Concentrated, feeder, 200 ml (фидер);26,000;CZ5343;1,57 EUR;70,336
Ликвиды;            Aroma Liquid Concentrated, honey, 200 ml (мед);18,000;CZ5305;1,57 EUR;70,336
Ликвиды;            Aroma Liquid Concentrated, match, 200 ml (матч);26,000;CZ5350;1,57 EUR;70,336
Ликвиды;            Aroma Liquid Concentrated, pineapple, 200 ml (ананас);31,000;CZ6521;1,57 EUR;70,336
Ликвиды;            Aroma Liquid Concentrated, spice, 200 ml (специи);24,000;CZ5398;1,57 EUR;70,336
Ликвиды;            Aroma Liquid Concentrated, squid, 200 ml (кальмар);32,000;CZ6319;1,57 EUR;70,336
Ликвиды;            Aroma Liquid Concentrated, strawberry, 200 ml (клубника);24,000;CZ5312;1,57 EUR;70,336
Ликвиды;            Aroma Liquid Concentrated, sweet corn, 200 ml (сладка€ кукуруза);24,000;CZ5336;1,57 EUR;70,336
Ликвиды;            Amur Aroma Liquid, 200ml (жидкий ароматизатор дл€ амуров);;CZ0208;1,59 EUR;71,232
