категория;назва;наявність;код;опт;роздріб
Прикормки;            Hard&Dry Tigernuts, 10kg;15,000;CZ9561;30,00 EUR;1344
Прикормки;            Hard&Dry Tigernuts, 2,5kg (тигровый орех);8,000;CZ1501;8,40 EUR;376,32
Прикормки;            Turbo seed 3X Mix, corn+wheat+hemp, 500 g  (кукуруза+пшеница+конопля);140,000;CZ5770;1,09 EUR;48,832
Прикормки;            Turbo seed 5X Mix, corn+wheat+hemp+tigernut+mammoth maize, 500 g (кукуруза+пшеница+конопля+тигровый орех+огромная кукуруза);3,000;CZ7255;1,59 EUR;71,232
Прикормки;            Turbo seed, corn - natural, 500 g (кукуруза – натуральный вкус);;CZ5756;0,95 EUR;42,56
Прикормки;            Turbo seed, corn - strawberry red, 500 g (кукуруза – вкус клубники);19,000;CZ7262;1,52 EUR;68,096
Прикормки;            Turbo seed, corn - yellow honey, 500 g  (кукуруза – вкус меда);67,000;CZ7279;1,52 EUR;68,096
Прикормки;            Turbo seed, hemp, 500 g (семя конопли);;CZ7231;2,00 EUR;89,6
Прикормки;            Turbo seed, tigernuts, 500 g (тигровый орех);52,000;CZ7248;2,39 EUR;107,072
Прикормки;            Carp Fiesta, Black Carp - Cold Water, 1 kg (для холодной воды);29,000;CZ8600;1,26 EUR;56,448
Прикормки;            Carp Fiesta, Carp Mix, 1 kg (шоколад-печенье);;CZ3196;1,26 EUR;56,448
Прикормки;            Carp Fiesta, Carp Special, 1 kg (лимон-печенье);;CZ3202;1,26 EUR;56,448
Прикормки;            Carp Fiesta, Feeder Carp, 1 kg (фидер);25,000;CZ3219;1,26 EUR;56,448
Прикормки;            Carp Fiesta, Fish Mix, 1 kg (рыбная смесь);30,000;CZ3613;1,26 EUR;56,448
Прикормки;            Carp Fiesta, Honey, 1 kg  (мед);29,000;CZ7187;1,26 EUR;56,448
Прикормки;            Carp Fiesta, Mussel, 1 kg (мидии);399,000;CZ3226;0,97 EUR;43,456
Прикормки;            Carp Fiesta, Spice Mix, 1 kg (смесь специй);;CZ3606;1,26 EUR;56,448
Прикормки;            Carp Fiesta, Strawberry, 1 kg (клубника);29,000;CZ3233;1,26 EUR;56,448
Прикормки;            Carp Fiesta, Vanilla, 1 kg (ваниль);;CZ3620;1,26 EUR;56,448
Прикормки;            Carp Fiesta, XXL Carp Red (strawberry), 1 kg  (клубника, крупнозернистая);10,000;CZ8587;1,26 EUR;56,448
Прикормки;            Carp Fiesta, XXL Carp Yellow (honey), 1 kg (мед, крупнозернистая);20,000;CZ8594;1,26 EUR;56,448
Прикормки;            Carp Fiesta, Carp Mix, 3 kg (шоколад-печенье);87,000;CZ3240;3,01 EUR;134,848
Прикормки;            Carp Fiesta, Carp Special, 3 kg (лимон-печенье);20,000;CZ3257;3,01 EUR;134,848
Прикормки;            Carp Fiesta, Feeder Carp, 3 kg (фидер);;CZ3264;3,01 EUR;134,848
Прикормки;            Carp Fiesta, Fish Mix, 3 kg (рыбная смесь);4,000;CZ3804;3,01 EUR;134,848
Прикормки;            Carp Fiesta, Honey, 3 kg  (мед);269,000;CZ7194;3,01 EUR;134,848
Прикормки;            Carp Fiesta, Spice Mix, 3 kg (смесь специй);21,000;CZ3651;3,01 EUR;134,848
Прикормки;            Carp Fiesta, Strawberry, 3 kg (клубника);156,000;CZ3288;3,01 EUR;134,848
Прикормки;            Carp Fiesta, Vanilla, 3 kg (ваниль);12,000;CZ3811;3,01 EUR;134,848
Прикормки;            Carp Fiesta, XXL Carp Red (strawberry), 3 kg  (клубника, крупнозернистая);;CZ8617;3,01 EUR;134,848
Прикормки;            Carp Fiesta, XXL Carp Yellow (honey), 3 kg (мед, крупнозернистая);;CZ8624;3,01 EUR;134,848
Прикормки;            Carp Fiesta , Carp Mix, 10 kg (шоколад-печенье);;CZ7306;9,57 EUR;428,736
Прикормки;            Carp Fiesta , Carp Special, 10 kg (лимон-печенье);;CZ7313;9,57 EUR;428,736
Прикормки;            Carp Fiesta , Feeder Carp, 10 kg (фидер);;CZ7276;9,57 EUR;428,736
Прикормки;            Carp Fiesta , Honey, 10 kg  (мед);;CZ7344;9,57 EUR;428,736
Прикормки;            Carp Fiesta , Strawberry, 10 kg (клубника);;CZ7337;9,57 EUR;428,736
Прикормки;            Carp Fiesta , XXL Carp Red (Strawberry),10 kg (клубника,крупнозернистая);;CZ7283;9,57 EUR;428,736
Прикормки;            Carp Fiesta , XXL Carp Yellow (Honey), 10 kg (мед,крупнозернистая);;CZ7290;9,57 EUR;428,736
Прикормки;            Carp Fiesta, Fish Mix, 10 kg (рыбная смесь);;CZ4351;9,57 EUR;428,736
Прикормки;            Carp Fiesta, Spice Mix, 10 kg (смесь специй);;CZ4344;9,57 EUR;428,736
Прикормки;            Carp Fiesta, Vanilla, 10 kg (ваниль);;CZ4368;9,57 EUR;428,736
Прикормки;            Big Catch Groundbaits, Big Carp-Yellow, 1 kg (для  карпов, желтая);;CZ8115;1,43 EUR;64,064
Прикормки;            Big Catch Groundbaits, Bream, 1 kg (лещ);;CZ3189;1,43 EUR;64,064
Прикормки;            Big Catch Groundbaits, Coco-Vanilla, 1 kg (кокос-ваниль);;CZ7200;1,43 EUR;64,064
Прикормки;            Big Catch Groundbaits, Match, 1 kg (Матч);;CZ3141;1,43 EUR;64,064
Прикормки;            Big Catch Groundbaits, Roach, 1 kg (плотва, красноперка);;CZ3165;1,12 EUR;50,176
Прикормки;            Super Sweet groundbait, 1kg, sweet fish (сладкая рыба);43,000;CZ9844;1,36 EUR;60,928
Прикормки;            Super Sweet groundbait, 1kg, sweet honey (сладкий мед);33,000;CZ9851;1,36 EUR;60,928
Прикормки;            Super Sweet groundbait, 1kg, sweet punch;44,000;CZ9875;1,36 EUR;60,928
Прикормки;            Super Sweet groundbait, 1kg, sweet strawberry (сладкая клубника);33,000;CZ9837;1,36 EUR;60,928
Прикормки;            Super Sweet groundbait, 1kg, sweet vanilla (сладкая ваниль);44,000;CZ9868;1,36 EUR;60,928
Прикормки;            CZ Fish Magnet, Cream, 1kg (кремовая,сливки);16,000;CZ5906;1,64 EUR;73,472
Прикормки;            CZ Fish Magnet, Green, 1kg  (зеленая);87,000;CZ5920;1,44 EUR;64,512
Прикормки;            CZ Fish Magnet, Red, 1kg  (красная);187,000;CZ5913;1,54 EUR;68,992
Прикормки;            Carp Fanatic  - All inclusive - Fire carp, 1kg  (со специями);;CZ5800;1,59 EUR;71,232
Прикормки;            Carp Fanatic - All inclusive - Atomic carp, 1kg (скопекс);12,000;CZ5794;1,59 EUR;71,232
Прикормки;            Carp Fanatic - All inclusive - Atomic carp, 3kg  (скопекс);;CZ5824;3,83 EUR;171,584
Прикормки;            Carp Fanatic - All inclusive - Capital carp, 1kg (медовый);26,000;CZ5787;1,59 EUR;71,232
Прикормки;            Carp Fanatic - All inclusive - Capital carp, 3kg (медовый);;CZ5817;3,83 EUR;171,584
Прикормки;            Carp Fanatic - All inclusive - Fire carp, 3kg (со специями);24,000;CZ5831;3,83 EUR;171,584
Прикормки;            Feeder Zoom, betaine-fish-GLM, 1 kg (бетаин-рыба-зеленые мидии - зеленый);28,000;CZ8884;1,59 EUR;71,232
Прикормки;            Feeder Zoom, chili-pepper-garlic 1 kg (острый перец-чеснок);;CZ4313;1,59 EUR;71,232
Прикормки;            Feeder Zoom, strawberry-fish-robin red, 1 kg (клубника-рыба-перцевые специи-красная);;CZ8860;1,59 EUR;71,232
Прикормки;            Feeder Zoom, tigernut-fish-halibut, 1 kg  (тигровый орех-рыба-палтус-коричневый);13,000;CZ8877;1,59 EUR;71,232
Прикормки;            Method Feeder groundbait, 1kg, fish-halibut  (рыба-палтус);72,000;CZ9912;1,76 EUR;78,848
Прикормки;            Method Feeder groundbait, 1kg, strawberry-fish (клубника-рыба);43,000;CZ9882;1,76 EUR;78,848
Прикормки;            Method Feeder groundbait, 1kg, sweet spicy carp (сладкие специи);39,000;CZ9899;1,76 EUR;78,848
Прикормки;            Method Feeder groundbait, 1kg, tigernut-chococaramel (тигровый орех-шоколад);;CZ9905;1,76 EUR;78,848
Прикормки;            Method Feeder Pellets, 3mm, 120g, red strawberry (красная, клубника);32,000;CZ9684;0,95 EUR;42,56
Прикормки;            Method Feeder Pellets, 3mm, 120g, yellow honey (желтый, мед);34,000;CZ9417;0,95 EUR;42,56
Прикормки;            Competition Zoom groundbait, 1kg, big bream (лещ);14,000;CZ9936;2,32 EUR;103,936
Прикормки;            Competition Zoom groundbait, 1kg, big roach (плотва);27,000;CZ9943;2,32 EUR;103,936
Прикормки;            Competition Zoom groundbait, 1kg, etang;30,000;CZ9929;2,32 EUR;103,936
Прикормки;            Competition Zoom groundbait, 1kg, super carp (карп);40,000;CZ9967;2,32 EUR;103,936
Прикормки;            Competition Zoom groundbait, 1kg, super feeder (фидер);28,000;CZ9950;2,32 EUR;103,936
Прикормки;            Competition Zoom groundbait, 1kg, super fish (рыба);36,000;CZ9974;2,32 EUR;103,936
Прикормки;            Multi Fish Groundbait, 1kg, Allround;;CZ9677;0,95 EUR;42,56
Прикормки;            Multi Fish Groundbait, 1kg, Bream (Лещ);;CZ6941;0,95 EUR;42,56
Прикормки;            Multi Fish Groundbait, 1kg, Carp (Карп);;CZ6934;0,95 EUR;42,56
Прикормки;            Multi Fish Groundbait, 1kg, River (Проточная вода, для реки);55,000;CZ6965;0,95 EUR;42,56
Прикормки;            Multi Fish Groundbait, 1kg, Roach (Плотва);13,000;CZ6958;0,95 EUR;42,56
Прикормки;            La Sirene X21 Groundbait Jaune, 850 kg  - желтая (Французская прикормка для спортсменов,концентрированная,рецепт с 1946 года);;RI110009;2,55 EUR;114,24
Прикормки;            La Sirene X21 Groundbait Rouge, 850g -красная (Французская прикормка для спортсменов,концентрированная,рецепт с 1946 года);22,000;RI110005;1,99 EUR;89,152
Прикормки;            La Sirene X21 Groundbait, 2,5 kg (Французская прикормка для спортсменов,концентрированная,рецепт не менялся с 1946 года);;RI110003;5,59 EUR;250,432
Прикормки;            La Sirene X21 Groundbait, 850g (Французская прикормка для спортсменов,концентрированная,рецепт не менялся с 1946 года);;RI110001;2,39 EUR;107,072
Прикормки;            Feeder Competition Magic Method Paste, 350g, pineapple (ананас);17,000;CZ1723;1,91 EUR;85,568
Прикормки;            Feeder Competition Magic Method Paste, 350g, spicy (острые специи);17,000;CZ1730;1,91 EUR;85,568
Прикормки;            Feeder Competition Magic Method Paste, 350g, strawberry (клубника);12,000;CZ1716;1,91 EUR;85,568
Прикормки;            CZ Busa-Silver Carp Attractor Groundbait, 1kg (прикормка на толстолоба);50,000;CZ1549;1,43 EUR;64,064
Прикормки;            Amur - Grass Carp Groundbait 1 kg (прикормка для амуров);33,000;CZ3172;1,43 EUR;64,064
