????? ??????;???;????????;;;;???????;????? ???;???? ???????;;????????? ???? (UAH)
???????;13208;GS ????? Predator (2???????,4 ??????? ? ???????);;;;1;5999018287969;3,32;;137
???????;13251;???????? EOS;;;;51;2000000132518;1,33;;49
???????;13505;?????? Jackall Tiny Fry 50SP 50?? 2,7? HL Gold&Black;;;;4;4525807020649;8,01;;327
???????;13506;?????? Jackall Tiny Fry 50SP 50?? 2,7? Suji Shrimp;;;;3;4525807050141;8,01;;327
???????;13507;?????? Jackall Tiny Fry 50SP 50?? 2,7? Mat Tiger Suspending;;;;3;4525807030778;8,01;;327
???????;13508;?????? Jackall Tiny Fry 50SP 50?? 2,7? HL Fry Suspending;;;;4;4525807050158;8,01;;327
???????;13509;?????? Jackall Tiny Fry 50SP 50?? 2,7? HL Wakasagi Suspending;;;;4;4525807054149;8,01;;327
???????;13510;?????? Jackall Tiny Fry 50SP 50?? 2,7? HL Silver&Black Suspending;;;;4;4525807052831;8,01;;327
???????;13511;?????? Jackall Tiny Fry 50SP 50?? 2,7? Ghost AYU Suspending;;;;4;4525807054156;8,01;;327
???????;13512;?????? Jackall Flat Fly 50SP 50?? 2,3? Mat Tiger Sinking;;;;1;4525807047639;6,66;;272
???????;13513;?????? Jackall Flat Fly 50SP 50?? 2,3? HL Silver&Black Suspending;;;;1;4525807059663;6,66;;272
???????;13514;?????? Jackall Flat Fly 50SP 50?? 2,3? Ghost AYU Suspending;;;;1;4525807059649;6,66;;272
???????;13515;?????? Jackall Diving Chubby 38?? 4,3? HL Black;;;;1;4525807078930;8,19;;335
???????;13516;?????? Jackall Diving Chubby 38?? 4,3? Ghost Purple;;;;1;4525807078947;8,19;;335
???????;13517;?????? Jackall Diving Chubby 38?? 4,3? Brown Suji Shrimp;;;;1;4525807029024;8,19;;335
???????;13518;?????? Jackall Diving Chubby 38?? 4,3? Ghost Wakasagi;;;;1;4525807028898;8,19;;335
???????;13519;?????? Jackall Diving Chubby 38?? 4,3? Mat Black;;;;1;4525807078909;8,19;;335
???????;13520;?????? Jackall Diving Chubby 38?? 4,3? Mat Tiger Floating;;;;1;4525807028874;8,19;;335
???????;13521;?????? Jackall Cherry Zero Footer 48 48?? 7,6? Pellet Yellow Floating;;;;1;4525807078794;8,55;;350
???????;13533;?????? Jackall Cherry Zero Footer 56 56?? 11? HL Ayu Floating;;;;2;4525807038972;8,96;;366
???????;13555;?????? Jackall PANICRA MR SUKECHA PURPLE 32mm 3.3g;;;;1;4560212121437;7,74;;316
???????;13534;?????? Jackall Mud Sucker 90mm 8.2g NF HASU;;;;1;4525807034240;6,84;;280
???????;13535;?????? Jackall Mud Sucker 90mm 8.2g Oikawa;;;;1;4525807013917;6,84;;280
???????;13556;?????? Jackall PANICRA MR MIST PELLET 32mm 3.3g;;;;1;4560212121482;7,74;;316
???????;13536;?????? Jackall D Cherry 55 55?? 11,2? HL AYU Floating;;;;1;4525807032260;9,09;;372
???????;13537;?????? Jackall D Cherry 55 55?? 11,2? Blue black tiger Floating;;;;1;4525807009156;9,09;;372
???????;13557;"?????? Jackall PANICRA MR IS GREEN GOLD 32mm 3.3g	";;;;1;4560212126104;7,74;;316
???????;13538;?????? Jackall D Cherry 55 55?? 11,2? Chrome tiger Floating;;;;1;4525807032307;9,09;;372
???????;13559;"?????? Jackall PANICRA MR GONTY GLOW 32mm 3.3g	";;;;1;4560212122977;7,74;;316
???????;13539;?????? Jackall Turbine 70 70?? 12.6? Noike gill Floating;;;;4;4525807041361;9,9;;404
???????;13540;?????? Jackall MITTS F OLIVE 28mm 1.5g;;;;1;4560212114392;5,58;;228
???????;13560;?????? Jackall PANICRA MR GONTY OAK 32mm 3.3g;;;;1;4560212125541;7,74;;316
???????;13541;?????? Jackall MITTS S OLIVE 28mm 1.8g;;;;1;4560212113807;5,58;;228
???????;13542;?????? Jackall MITTS S GREEN GOLD 28mm 1.8g;;;;1;4560212113845;5,58;;228
???????;13561;?????? Jackall Seiraminnow 55S 2.0?? hl wakasagi*;;;;1;4525807051889;8,51;;313
???????;13543;?????? Jackall MITTS S LIGHT BROWN 28mm 1.8g;;;;1;4560212113883;5,58;;228
???????;13544;?????? Jackall MITTS S MIST PELLET 28mm 1.8g;;;;1;4560212121789;5,58;;228
???????;13562;?????? Jackall Seiraminnow 55S 2.0?? shirasu*;;;;1;4525807051841;8,51;;313
???????;13545;?????? Jackall MITTS SR-S OLIVE 28mm 1.8g;;;;1;4560212115757;5,58;;228
???????;13546;?????? Jackall MITTS SR-S MIST PELLET 28mm 1.8g;;;;1;4582418080806;5,58;;228
???????;13547;?????? Jackall MITTS SR-S SMOKE PELLET 28mm 1.8g;;;;1;4582418080813;5,58;;228
???????;13548;?????? Jackall MITTS SR-S SMOKE BROWN 28mm 1.8g;;;;1;4582418080820;5,58;;228
???????;13549;?????? Jackall TRICOROLL 55SP SILVER YAMAME 55mm 3.5g;;;;1;4560212111261;6,3;;258
???????;13550;?????? Jackall TRICOROLL 55SP GOLD AYU 55mm 3.5g;;;;1;4560212111278;6,48;;265
???????;13564;?????? Jackall Seiraminnow 55S 2.0?? koayu*;;;;1;4525807051827;8,51;;313
???????;13551;?????? Jackall TRICOROLL 55SP AMETHYST 55mm 3.5g;;;;2;4582418080752;6,48;;265
???????;13552;?????? Jackall TRICOROLL 55SP SILVER YAMAME 55mm 3.5g;;;;1;4560212111261;6,48;;265
???????;13565;?????? Jackall Seiraminnow 55S 2.0?? oikawa*;;;;1;4525807051865;8,51;;313
???????;13553;?????? Jackall TRICOROLL 55HW Pink YAMAME 55mm 3.5g;;;;1;4560212120980;6,48;;265
???????;13554;?????? Jackall TRICOROLL 55S White & Black YAMAME 55mm 3.5g;;;;1;4560212111339;6,48;;265
???????;13566;?????? Jackall Seiraminnow 55S 2.0?? chart back pearl*;;;;1;4525807051834;8,51;;313
???????;13567;?????? Jackall Seiraminnow 55S 2.0?? cotton shad*;;;;1;4525807051902;8,51;;313
???????;13568;?????? Jackall Squadshad 65SP 7.2?? spawn tiger;;;;2;4525807039894;10,1;;372
???????;13569;?????? Jackall Squadshad 65SP 7.2?? noike gill;;;;2;4525807039900;10,1;;372
???????;13570;?????? Jackall Squadshad 65SP 7.2?? brown suji shrimp;;;;4;4525807039924;10,1;;372
???????;13571;?????? Jackall Squadshad 65SP 7.2?? ghost G perch;;;;2;4525807067378;10,1;;372
???????;13572;?????? Jackall Squadshad 65SP 7.2?? koayu;;;;4;4525807039863;10,1;;372
???????;13573;?????? Jackall Squadshad 65SP 7.2?? oikawa;;;;2;4525807039856;10,1;;372
???????;13574;?????? Jackall Squadshad 65SP 7.2?? hl bronze blue pike;;;;2;4525807067361;10,1;;372
???????;13575;?????? Jackall Squadshad 65SP 7.2?? hl silver & black;;;;3;4525807044607;10,1;;372
???????;13576;?????? Jackall Squadshad 65SP 7.2?? hl gold & black;;;;2;4525807039917;10,1;;372
???????;13577;?????? Jackall Squadshad 65SP 7.2?? ghost ayu;;;;2;4525807039849;10,1;;372
???????;13578;?????? Jackall MIDIA 53F LASER AYU 55mm 2.8g;;;;2;4560212113487;6,48;;265
???????;13580;?????? FLAGMAN WASP 40F C18 3.5g 1.5-2.2m F;;;;1;2000016403015;2,46;;91
???????;13581;?????? FLAGMAN WASP 40F A35 3.5g 1.5-2.2m F;;;;4;2000016401011;2,46;;91
???????;13582;?????? FLAGMAN HOUSE CRANCK 45F A82 5gr 0-0,8 m;;;;2;2000018384015;2,58;;95
???????;13583;?????? FLAGMAN HOUSE CRANCK 45F C20 5gr 0-0,8 m;;;;3;2000018382011;2,58;;95
???????;13584;?????? FLAGMAN HOUSE CRANCK 45F A07 4.1gr 0-0,5 m;;;;1;2000016334012;2,58;;95
???????;13585;?????? FLAGMAN HOUSE CRANCK 45F M46 5gr 0-0,8 m;;;;1;2000018385012;2,58;;95
???????;13586;?????? FLAGMAN HOUSE CRANCK 45F F18 5gr 0-0,8 m;;;;2;2000018383018;2,58;;95
???????;13587;?????? FLAGMAN H-Cranck 60?? 11? 0-1m F S03;;;;2;2000016270013;2,41;;89
???????;13588;?????? FLAGMAN H-Cranck 60?? 11? 0-1m F B13;;;;2;2000016271010;2,41;;89
???????;13589;?????? FLAGMAN H-Cranck 60?? 11? 0-1m F M06;;;;2;2000015026017;2,41;;89
???????;13590;?????? FLAGMAN H-Cranck 60?? 11? 0-1m F M15;;;;2;2000015023016;2,41;;89
???????;13591;?????? FLAGMAN H-Cranck 60?? 11? 0-1m F 301;;;;2;2000015024013;2,41;;89
???????;13592;?????? FLAGMAN H-Cranck 60?? 11? 0-1m F A22;;;;2;2000015027014;2,41;;89
???????;13593;?????? FLAGMAN BUBLE CRANK 55F S03 8.8g 0-0.5m F;;;;3;2000016328011;2,46;;91
???????;13594;?????? FLAGMAN BUBLE CRANK 55F C18 8.8g 0-0.5m F;;;;2;2000016326017;2,46;;91
???????;13595;?????? FLAGMAN BUBLE CRANK 55F C08 8.8g 0-0.5m F;;;;1;2000016325010;2,46;;91
???????;13596;?????? FLAGMAN BUBLE CRANK 55F C20 8.8g 0-0.5m F;;;;1;2000016327014;2,46;;91
???????;13597;?????? FLAGMAN BUBLE CRANK 55F B30 8.8g 0-0.5m F;;;;1;2000016324013;2,46;;91
???????;13598;?????? FLAGMAN BUBLE CRANK 55F B13 8.8g 0-0.5m F;;;;3;2000016323016;2,46;;91
???????;13599;?????? FLAGMAN Pike Hunter 50?? 7,6? 0-1,5m F ???? F06;;;;3;2000000135991;2,41;;89
???????;13600;?????? FLAGMAN Pike Hunter 50?? 7,6? 0-1,5m F ???? ?06;;;;3;2000015010016;2,41;;89
???????;13601;?????? FLAGMAN Pike Hunter 50?? 7,6? 0-1,5m F ???? M32;;;;3;2000016263015;2,41;;89
???????;13602;?????? FLAGMAN Pike Hunter 50?? 7,6? 0-1,5m F ???? S61;;;;2;2000015011013;2,41;;89
???????;13603;?????? FLAGMAN Pike Hunter 50?? 7,6? 0-1,5m F ???? M39;;;;2;2000016264012;2,41;;89
???????;13604;?????? FLAGMAN Pike Hunter 50?? 7,6? 0-1,5m F ???? A22;;;;2;2000015013017;2,41;;89
???????;13605;?????? FLAGMAN BULLET 45F C02 9080;;;;3;2000016332018;2,46;;91
???????;13606;?????? FLAGMAN BULLET 45F S03 9080;;;;3;2000016333015;2,46;;91
???????;13607;?????? FLAGMAN BULLET 45F A40 9080;;;;2;2000016330014;2,46;;91
???????;13608;?????? FLAGMAN Massive 50?? 9? 0-1,2m F ???? L17;;;;3;2000015019019;2,37;;87
???????;13609;?????? FLAGMAN Big-JT 75?? 17? 2-5m F ???? A22;;;;2;2000015042017;2,87;;106
???????;13610;?????? FLAGMAN Big-JT 75?? 17? 2-5m F ????  S13;;;;2;2000015043014;2,87;;106
???????;13611;?????? FLAGMAN Big-JT 75?? 17? 2-5m F ???? 301;;;;2;2000015041010;2,87;;106
???????;13612;?????? FLAGMAN Big-JT 75?? 17? 2-5m F ???? E02;;;;1;2000016279016;2,87;;106
???????;13613;?????? FLAGMAN THUNDER MINNOW 80F C18 6gr 0-1m;;;;1;2000018370018;2,69;;99
???????;13614;?????? FLAGMAN FUROR MINNOW 80F S29 10g 0-1m F;;;;1;2000016348019;2,63;;97
???????;13615;?????? FLAGMAN PENCIL 80 SF C08 8.5g surface;;;;2;2000016360011;2,57;;95
???????;13616;?????? FLAGMAN PENCIL 80 SF C02 8.5g surface;;;;2;2000016359015;2,57;;95
???????;13617;?????? FLAGMAN H-minnow 80?? 10? 0-1.5m F ???? C02;;;;2;2000016280012;2,58;;95
???????;13618;?????? FLAGMAN H-minnow 80?? 10? 0-1.5m F ???? A40;;;;2;2000015050012;2,58;;95
???????;13619;?????? FLAGMAN H-minnow 80?? 10? 0-1.5m F ???? G1;;;;1;2000015046015;2,58;;95
???????;13620;?????? FLAGMAN RAPTOR 100VS WH003 47g VS;;;;2;2000016376012;3,5;;129
???????;13621;?????? FLAGMAN RAPTOR 100VS WH013 47g VS;;;;1;2000016377019;3,5;;129
???????;13622;?????? FLAGMAN RAPTOR 100VS WH028 47g VS;;;;2;2000016379013;3,5;;129
???????;13623;?????? FLAGMAN RAPTOR 100VS WH021 47g VS;;;;3;2000016378016;3,5;;129
???????;13624;?????? FLAGMAN B-PIKE 120F M39 20g 0-1.5m F;;;;2;2000016317015;3,15;;116
???????;13625;?????? FLAGMAN B-PIKE 120F M48 20g 0-1.5m F;;;;1;2000016318012;3,15;;116
???????;13626;?????? FLAGMAN B-PIKE 120F S56 20g 0-1.5m F;;;;1;2000016322019;3,15;;116
???????;13627;?????? FLAGMAN FLEXI PERCH 120S 300 31g 0-0.5m S;;;;1;2000016339017;5,05;;186
???????;13628;?????? FLAGMAN FLEXI PERCH 120S S23 31g 0-0.5m S;;;;1;2000016342017;5,05;;186
???????;13629;?????? FLAGMAN JERK MINNOW 100F C08 16g 0-1.5m F;;;;1;2000016351019;2,73;;100
???????;13630;?????? FLAGMAN JERK MINNOW 100F S03 16g 0-1.5m F;;;;1;2000016352016;2,73;;100
???????;13631;?????? FLAGMAN FUROR MINNOW 80F M32 10g 0-1m F;;;;2;2000016347012;2,63;;97
???????;13632;?????? Jaxon  HOLO SELECT TINGO 5,0cm KZ 170;;;;3;5900113222229;3,12;;115
???????;13633;?????? Jaxon  HOLO SELECT TINGO 5,0cm FTR 170;;;;5;5900113277649;3,12;;115
???????;13634;?????? Jaxon  HOLO SELECT TINGO 5,0cm FOM 170;;;;5;5900113247727;3,12;;115
???????;13635;?????? Jaxon  HOLO SELECT TINGO 5,0cm FON 170;;;;4;5900113247734;3,12;;115
???????;13636;?????? Jaxon  HOLO SELECT TINGO 5,0cm FOG 170;;;;4;5900113363083;3,12;;115
???????;13637;?????? Jaxon  HOLO SELECT TINGO 5,0cm FGFT 170;;;;5;5900113197084;3,12;;115
???????;13638;?????? Jaxon  HOLO SELECT TINGO 5,0cm FOB 170;;;;5;5900113197091;3,12;;115
???????;13639;?????? Jaxon  HOLO SELECT TINGO 5,0cm FNL 170;;;;5;5900113350762;3,12;;115
???????;13640;?????? Jaxon  HOLO SELECT TINGO 5,0cm FSL 170;;;;4;5900113350779;3,12;;115
???????;13641;?????? Jaxon  HOLO SELECT TINGO 3,0cm FP 170;;;;2;5900113196933;2,9;;107
???????;13642;?????? Jaxon  HOLO SELECT TINGO 3,0cm FKZ 170;;;;2;5900113222038;2,9;;107
???????;13643;?????? Jaxon  HOLO SELECT TINGO 3,0cm FOC 170;;;;5;5900113196926;2,9;;107
???????;13644;?????? Jaxon  HOLO SELECT KARAS (??????) LIMITED EDITION 5,5cm FRT 179;;;;4;5900113291904;4;;147
???????;13646;?????? Jaxon  HOLO SELECT KARAS (??????) LIMITED EDITION 5,5cm FDA 179;;;;1;5900113291867;4;;147
???????;13647;?????? Jaxon  HOLO SELECT KARAS (??????) LIMITED EDITION 5,5cm FLA 179;;;;5;5900113291881;4;;147
???????;13648;?????? Strike Pro Mustang Minnow 35S 1.6?? MG-015(A09);;;;6;4712511889314;3,52;;130
???????;13649;?????? Strike Pro Mustang Minnow 35S 1.6?? MG-015(A55S);;;;4;4712511889338;3,52;;130
???????;13650;?????? Strike Pro Mustang Minnow 35S 1.6?? MG-015(327F);;;;5;4712511889253;3,52;;130
???????;13651;?????? Strike Pro Mustang Minnow 35S 1.6?? MG-015(C30);;;;5;4712511889345;3,52;;130
???????;13652;?????? Strike Pro Mustang Minnow 35S 1.6?? MG-015(274T);;;;7;4712511889260;3,52;;130
???????;13653;?????? Strike Pro Mustang Minnow 35S 1.6?? MG-015(266-713);;;;4;4712511889246;3,52;;130
???????;13654;?????? Strike Pro Mustang Minnow 35S 1.6?? MG-015(610T);;;;4;4711667566261;3,52;;130
???????;13655;?????? Strike Pro Mustang Minnow 35S 1.6?? MG-015(402);;;;5;4712511889277;3,52;;130
???????;13656;?????? Strike Pro Mustang Minnow 35S 1.6?? MG-015(A06E);;;;3;4712511889291;3,52;;130
???????;13657;?????? Strike Pro Mustang Minnow 35S 1.6?? MG-015(A17);;;;5;4712511889321;3,52;;130
???????;13658;?????? Strike Pro Supersonic joint 50F 6.1?? EG-081AJ(C30)*;;;;2;4712511889109;2,37;;87
???????;13659;?????? Strike Pro Supersonic joint 50F 6.1?? EG-081AJ(A06E)*;;;;3;4712511889055;2,37;;87
???????;13660;?????? Strike Pro Supersonic joint 50F 6.1?? EG-081AJ(263)*;;;;2;4712511888997;2,37;;87
???????;13661;?????? Strike Pro Supersonic joint 50F 6.1?? EG-081AJ(A09)*;;;;2;4712511889079;2,37;;87
???????;13662;?????? Strike Pro Supersonic joint 50F 6.1?? EG-081AJ(402)*;;;;2;4712511889024;2,37;;87
???????;13663;?????? Strike Pro Supersonic joint 50F 6.1?? EG-081AJ(274T)*;;;;1;4712511889017;2,37;;87
???????;13664;?????? Strike Pro Supersonic joint 50F 6.1?? EG-081AJ(A010)*;;;;2;4712511889031;2,37;;87
???????;13665;?????? Strike Pro Supersonic joint 50F 6.1?? EG-081AJ(A07E)*;;;;2;4712511889062;2,37;;87
???????;13666;?????? Strike Pro Supersonic joint 50F 6.1?? EG-081AJ(A05)*;;;;2;4712511889048;2,37;;87
???????;13667;?????? Strike Pro Supersonic joint 50F 6.1?? EG-081AJ(A55S)*;;;;2;4712511889093;2,37;;87
???????;13668;?????? Strike Pro Supersonic joint 50F 6.1?? EG-081AJ(327F)*;;;;2;4712511889000;2,37;;87
???????;13669;?????? Strike Pro Silver Sprat 40S 2.0?? EG-093JAL(A09)*;;;;1;4712702085570;1,77;;65
???????;13670;?????? Strike Pro Silver Sprat 40S 2.0?? EG-093JAL(A05)*;;;;1;4712702085556;1,77;;65
???????;13671;?????? Strike Pro Silver Sprat 40S 2.0?? EG-093JAL(096)*;;;;2;4712702085525;1,77;;65
???????;13672;?????? Strike Pro Silver Sprat 40S 2.0?? EG-093JAL(374)*;;;;2;4712702085549;1,77;;65
???????;13673;?????? Strike Pro Silver Sprat 40S 2.0?? EG-093JAL(IM-01)*;;;;2;4712702085594;1,77;;65
???????;13674;?????? Strike Pro Baby Pro 25F 2.0?? EG-036F(A09);;;;2;4711161822429;3,07;;113
???????;13675;?????? Strike Pro Baby Pro 25F 2.0?? EG-036F(A17);;;;1;4711161853577;3,07;;113
???????;13676;?????? Strike Pro Baby Pro 25F 2.0?? EG-036F(046);;;;2;4711021983864;3,07;;113
???????;13677;?????? Strike Pro Baby Pro 25F 2.0?? EG-036F(500G);;;;3;4712511856446;3,07;;113
???????;13678;?????? Strike Pro Baby Pro 25F 2.0?? EG-036F(613T);;;;1;4712702091359;3,07;;113
???????;13679;?????? Strike Pro Baby Pro 25F 2.0?? EG-036F(022PT);;;;4;4711161822399;3,07;;113
???????;13680;?????? Strike Pro Crankee Bass 60F 6.6?? SH-003BA(500G);;;;2;4712511861839;3,54;;130
???????;13681;?????? Strike Pro Crankee Bass 60F 6.6?? SH-003BA(612T);;;;2;4711667566469;3,54;;130
???????;13682;?????? Strike Pro Crankee Bass 60F 6.6?? SH-003BA(624T);;;;2;4712702069815;3,54;;130
???????;13683;?????? Strike Pro Crankee Bass 60F 6.6?? SH-003BA(A05);;;;2;4712511861853;3,54;;130
???????;13684;?????? Strike Pro Hippocampus 40F 3.0?? EG-088(IM-01)*;;;;1;4711161855892;1,73;;64
???????;13685;?????? Strike Pro Warted Toad 45F 5.5?? EG-097A(647G);;;;1;4712511855722;3,07;;113
???????;13686;?????? Strike Pro Warted Toad 45F 5.5?? EG-097A(A010);;;;2;4711161856448;3,07;;113
???????;13687;?????? Strike Pro Warted Toad 45F 5.5?? EG-097A(096SA);;;;4;4711161856431;3,07;;113
???????;13688;?????? Strike Pro Warted Toad 45F 5.5?? EG-097A(A06E);;;;5;4711161856479;3,07;;113
???????;13689;?????? EOS Crank 9073 50?? 8,5??. HA11 Floating (??.);;;;1;2000000136899;2,51;;93
???????;13690;?????? EOS Crank 9073 50?? 8,5??. HC11 Floating (??.);;;;1;2000000136905;2,51;;93
???????;13691;?????? TTEBO;;;;2;123456789012;1,3;;50
???????;13692;?????? Tuohai;;;;8;2000000136929;1,35;;50
???????;13693;?????? Attack DUGGY S, 45 ??, 3,2 ?;;;;17;2000000136936;0,98;;45
???????;13694;?????? Attack DUGGY L, 80 ??, 7,0 ?;;;;17;2000000136943;0,98;;50
???????;13695;?????? Kang Xin;;;;53;2000000136950;0,67;;25
???????;13696;?????? JAXON ATRACT XTR-O 5.0cm H;;;;4;5900113338999;1,94;;75
???????;13697;?????? JAXON ATRACT XTR-O 5.0cm A;;;;4;5900113338920;1,94;;75
???????;13698;?????? JAXON ATRACT XTR-O 5.0cm C;;;;3;5900113338944;1,94;;75
???????;13699;?????? JAXON ATRACT XTR-O 5.0cm G;;;;4;5900113338982;1,94;;75
???????;13700;?????? JAXON ATRACT XTR-O 5.0cm F;;;;4;5900113338975;1,94;;75
???????;13701;?????? JAXON ATRACT XTR-O 5.0cm E;;;;5;5900113338968;1,94;;75
???????;13702;?????? JAXON ATRACT XTR-E 5cm E;;;;4;5900113354692;2,02;;75
???????;13703;?????? JAXON ATRACT XTR-E 5cm C;;;;5;5900113354678;2,02;;75
???????;13704;?????? JAXON ATRACT XTR-E 5cm F;;;;4;5900113354708;2,02;;75
???????;13705;?????? JAXON ATRACT XTR-E 5cm D;;;;5;5900113354685;2,02;;75
???????;13706;?????? JAXON ATRACT XTR-N 5.0cm A;;;;5;5900113307087;1,94;;75
???????;13707;?????? JAXON ATRACT XTR-N 5.0cm C;;;;3;5900113308190;1,94;;75
???????;13708;?????? JAXON ATRACT XTR-N 5.0cm F;;;;4;5900113307131;1,94;;75
???????;13709;?????? JAXON ATRACT XTR-D 5cm F;;;;4;5900113294769;1,94;;75
???????;13710;?????? JAXON ATRACT XTR-D 5cm G;;;;3;5900113294776;1,94;;75
???????;13711;?????? JAXON ATRACT XTR-D 5cm E;;;;3;5900113294752;1,94;;75
???????;13712;?????? JAXON ATRACT XTR-D 5cm C;;;;4;5900113294738;1,94;;75
???????;13713;?????? JAXON ATRACT XTR-J 6cm D;;;;3;5900113306547;2,02;;75
???????;13714;?????? JAXON ATRACT XTR-J 6cm B;;;;4;5900113306523;2,02;;75
???????;13715;?????? JAXON ATRACT XTR-J 6cm C;;;;3;5900113306530;2,02;;75
???????;13716;?????? JAXON ATRACT XTR-N 4.0cm D;;;;3;5900113307056;1,86;;75
???????;13717;?????? JAXON ATRACT XTR-N 4.0cm E;;;;1;5900113307063;1,86;;75
???????;13718;?????? JAXON ATRACT XTR-A 3.5cm C;;;;5;5900113294523;1,68;;75
???????;13719;?????? JAXON ATRACT XTR-A 3.5cm F;;;;2;5900113295476;1,68;;75
???????;13720;?????? JAXON ATRACT XTR-A 3.5cm F;;;;1;5900113294547;1,68;;75
???????;13721;?????? JAXON ATRACT XTR-C 4.5cm H;;;;1;5900113294967;1,76;;75
???????;13723;?????? Jaxon  HOLO SELECT KARAS (??????)  6cm FRH 179;;;;1;5900113151116;4;;147
???????;13724;?????? TOP WATER -  PE SSV - PE -  320;;;;4;2000000105963;5,76;;212
???????;13725;?????? TOP WATER -  PE SSV - PE -  322;;;;4;2000000105987;5,76;;212
???????;13726;?????? TOP WATER -  PE SSV - PE -  010;;;;4;2000000105925;5,76;;212
???????;13727;?????? TOP WATER -  PE SSV - PE -  321A;;;;4;2000000105956;5,76;;212
???????;13728;?????? TOP WATER -  PE SSV - PE -  316;;;;4;2000000105970;5,76;;212
???????;13729;?????? TOP WATER -  PE SSV - PE -  301;;;;4;2000000105932;5,76;;212
???????;13730;?????? TOP WATER -  PE SSV - PE -  315;;;;4;2000000105949;5,76;;212
???????;13731;?????? Triumph Pro-75 SSV-TP75 DD-11 FL/1-1.8m/13g/70mm;;;;4;2302000020667;4,9;;180
???????;13732;?????? Triumph Pro-75 SSV-TP75 DD-22 FL/1-1.8m/13g/70mm;;;;4;2302000020841;4,9;;180
???????;13733;?????? Triumph Pro-75 SSV-TP75 DD-24 FL/1-1.8m/13g/70mm;;;;4;2302000020872;4,9;;180
???????;13734;?????? Triumph Pro-75 SSV-TP75 DD-10 FL/1-1.8m/13g/70mm;;;;4;2302000020643;4,9;;180
???????;13735;?????? Triumph Pro-75 SSV-TP75 DD-13 FL/1-1.8m/13g/70mm;;;;4;2302000020698;4,9;;180
???????;13736;?????? Triumph Pro-75/20 SSV-TP75/20 DD-24 FL/0.9-1.5m/14g/95mm;;;;4;2302000021183;5,84;;215
???????;13737;?????? Triumph Pro-75/20 SSV-TP75/20 DD-13 FL/0.9-1.5m/14g/95mm;;;;4;2302000020988;5,84;;215
???????;13738;?????? Triumph Pro-75/20 SSV-TP75/20 DD-11 FL/0.9-1.5m/14g/95mm;;;;4;2302000020940;5,84;;215
???????;13739;?????? Triumph Pro-75/20 SSV-TP75/20 DD-22 FL/0.9-1.5m/14g/95mm;;;;3;2302000021145;5,84;;215
???????;13740;?????? Reflex Pro SSV-REP DD-11 FL/1.2-1.8m/9.5g/80mm;;;;3;2302000020001;4,61;;170
???????;13741;?????? IMPULS SSV-IP DD - 14 FL/0.4-0.8m/8g/90mm;;;;3;2000000105543;4,35;;160
???????;13742;?????? IMPULS SSV-IP DD - 17 FL/0.4-0.8m/8g/90mm;;;;5;2000000105567;4,35;;160
???????;13743;?????? IMPULS SSV-IP DD - 12 FL/0.4-0.8m/8g/90mm;;;;3;2000000107639;4,35;;160
???????;13744;?????? IMPULS SSV-IP DD - 20 FL/0.4-0.8m/8g/90mm;;;;3;2000000105598;4,35;;160
???????;13745;?????? Silver Stream SSV-ST DD-19 FL/0-0.2m/11g/80mm;;;;4;2000000105345;4,2;;155
???????;13746;?????? Silver Stream SSV-ST DD-17 FL/0-0.2m/11g/80mm;;;;5;2000000105321;4,2;;155
???????;13747;?????? Silver Stream SSV-ST DD-15 FL/0-0.2m/11g/80mm;;;;5;2000000105314;4,2;;155
???????;13748;?????? Silver Stream SSV-ST DD-10 FL/0-0.2m/11g/80mm;;;;5;2000000105284;4,2;;155
???????;13749;?????? Silver Stream SSV-ST DD-11 FL/0-0.2m/11g/80mm;;;;4;2000000105291;4,2;;155
???????;13750;?????? Silver Stream SSV-ST DD-14 FL/0-0.2m/11g/80mm;;;;6;2000000105307;4,2;;155
???????;13751;?????? Silver Stream SSV-ST DD-24 FL/0-0.2m/11g/80mm;;;;3;2000000116327;4,2;;155
???????;13752;?????? Triumph Pro SSV-TP DD-11 FL/0.7-1.2m/5g/50mm;;;;2;2000000096476;3,6;;135
???????;13753;?????? Triumph Pro SSV-TP DD-10 FL/0.7-1.2m/5g/50mm;;;;2;2000000096469;3,6;;135
???????;13754;?????? Triumph Pro SSV-TP DD-15 FL/0.7-1.2m/5g/50mm;;;;5;2000000096513;3,6;;135
???????;13755;?????? Triumph Pro SSV-TP DD-16 FL/0.7-1.2m/5g/50mm;;;;2;2000000096520;3,6;;135
???????;13756;?????? Triumph Pro SSV-TP DD-12 FL/0.7-1.2m/5g/50mm;;;;2;2000000096483;3,6;;135
???????;13757;?????? Triumph Pro SSV-TP DD-14 FL/0.7-1.2m/5g/50mm;;;;1;2000000096506;3,6;;135
???????;13758;?????? Triumph Pro SSV-TP DD-13 FL/0.7-1.2m/5g/50mm;;;;1;2000000096490;3,6;;135
???????;13759;?????? Triumph Pro SSV-TP DD-24 FL/0.7-1.2m/5g/50mm;;;;4;2000000116358;3,6;;135
???????;13760;?????? Triumph Pro SSV-TP DD-17 FL/0.7-1.2m/5g/50mm;;;;3;2000000104645;3,6;;135
???????;13761;?????? Triumph Pro SSV-TP DD-10 FL/0.7-1.2m/5g/50mm;;;;3;2000000096469;3,6;;135
???????;13762;?????? Triumph Pro SSV-TP DD-20 FL/0.7-1.2m/5g/50mm;;;;2;2000000104676;3,6;;135
???????;13763;?????? Triumph Pro SSV-TP DD-19 FL/0.7-1.2m/5g/50mm;;;;4;2000000104669;3,6;;135
???????;13764;?????? Combek B SSV-CB DD-17 FL/0.4-1.0m/4g/50mm;;;;4;2000000105642;3,9;;144
???????;13765;?????? Combek B SSV-CB DD-12 FL/0.4-1.0m/4g/50mm;;;;2;2000000107424;3,9;;144
???????;13766;?????? Combek B SSV-CB DD-15 FL/0.4-1.0m/4g/50mm;;;;3;2000000105635;3,9;;144
???????;13768;?????? Combek B SSV-CB DD-21 FL/0.4-1.0m/4g/50mm;;;;3;2000000107455;3,9;;144
???????;13769;?????? Combek B SSV-CB DD-13 FL/0.4-1.0m/4g/50mm;;;;2;2000000107431;3,9;;144
???????;13770;?????? Combek B SSV-CB DD-10 FL/0.4-1.0m/4g/50mm;;;;2;2000000105604;3,9;;144
???????;13771;?????? Combek B SSV-CB DD-14 FL/0.4-1.0m/4g/50mm;;;;1;2000000105628;3,9;;144
???????;13772;?????? Combek B SSV-CB DD-22 FL/0.4-1.0m/4g/50mm;;;;3;2000000108032;3,9;;144
???????;13773;?????? Combek B SSV-CB DD-19 FL/0.4-1.0m/4g/50mm;;;;2;2000000105666;3,9;;144
???????;13774;?????? Silver Creek-Z SSV-SC-Z DD-15 FL/1.2m/4.5g/40mm;;;;2;2000000096308;3,82;;141
???????;13775;?????? GOLAVL  PRO SSV-GP DD - 12 SI/0.6-3m/5g/45mm;;;;1;2000000096209;3,82;;141
???????;13776;?????? GOLAVL  PRO SSV-GP DD - 16 SI/0.6-3m/5g/45mm;;;;1;2000000096247;3,82;;141
???????;13777;?????? GOLAVL  PRO SSV-GP DD - 21 SI/0.6-3m/5g/45mm;;;;1;2000000107585;3,82;;141
???????;13778;?????? GOLAVL  PRO SSV-GP DD - 14 SI/0.6-3m/5g/45mm;;;;1;2000000137780;3,82;;141
???????;13779;?????? Silver Creek-B SSV-SC-B DD-11 FL/1.2m/6g/45mm;;;;2;2000000137797;3,96;;146
???????;13780;?????? Silver Creek-B SSV-SC-B DD-14 FL/1.2m/6g/45mm;;;;3;2000000105383;3,96;;146
???????;13781;?????? Silver Creek-B SSV-SC-B DD-22 FL/1.2m/6g/45mm;;;;4;2000000137810;3,96;;146
???????;13782;?????? Silver Creek-B SSV-SC-B DD-17 FL/1.2m/6g/45mm;;;;4;2000000105406;3,96;;146
???????;13783;?????? Silver Creek-B SSV-SC-B DD-18 FL/1.2m/6g/45mm;;;;6;2000000105413;3,96;;146
???????;13784;?????? Silver Creek-B SSV-SC-B DD-20 FL/1.2m/6g/45mm;;;;5;2000000105437;3,96;;146
???????;13785;?????? Silver Creek-B SSV-SC-B DD-23 FL/1.2m/6g/45mm;;;;4;2000000108148;3,96;;146
???????;13786;?????? Silver Creek-B SSV-SC-B DD-12 FL/1.2m/6g/45mm;;;;2;2000000137865;3,96;;146
???????;13787;?????? Silver Creek-B SSV-SC-B DD-15 FL/1.2m/6g/45mm;;;;3;2000000105390;3,96;;146
???????;13788;?????? Silver Creek-B SSV-SC-B DD-13 FL/1.2m/6g/45mm;;;;7;2000000137889;3,96;;146
???????;13789;?????? VULCAN SSV-VU DD - 24 FL/1.2-1.6m/5g/45mm;;;;2;2000000137896;4,35;;160
???????;13790;?????? VULCAN SSV-VU DD - 17 FL/1.2-1.6m/5g/45mm;;;;7;2000000105888;4,35;;160
???????;13791;?????? VULCAN SSV-VU DD - 14 FL/1.2-1.6m/5g/45mm;;;;3;2000000105864;4,35;;160
???????;13792;?????? VULCAN SSV-VU DD - 20 FL/1.2-1.6m/5g/45mm;;;;4;2000000137926;4,35;;160
???????;13793;?????? VULCAN SSV-VU DD - 10 FL/1.2-1.6m/5g/45mm;;;;9;2000000105840;4,35;;160
???????;13794;?????? VULCAN SSV-VU DD - 19 FL/1.2-1.6m/5g/45mm;;;;2;2000000137940;4,35;;160
???????;13795;?????? VULCAN SSV-VU DD - 22 FL/1.2-1.6m/5g/45mm;;;;7;2000000108025;4,35;;160
???????;13796;?????? GOLAVL  PRO SSV-GP  DD - 20 SI/0.6-3m/5g/45mm;;;;1;2000000137964;3,82;;140
???????;13797;?????? GOLAVL  PRO SSV-GP DD - 17 SI/0.6-3m/5g/45mm;;;;2;2000000137971;3,82;;140
???????;13798;?????? GOLAVL  PRO SSV-GP DD - 21 SI/0.6-3m/5g/45mm;;;;1;2000000137988;3,98;;140
???????;13799;?????? GOLAVL  PRO SSV-GP DD - 15 SI/0.6-3m/5g/45mm;;;;4;2000000096230;3,82;;140
???????;13800;?????? GOLAVL  PRO SSV-GP DD - 12 SI/0.6-3m/5g/45mm;;;;3;2000000138008;3,82;;140
???????;13801;?????? GOLAVL  PRO SSV-GP DD - 14 SI/0.6-3m/5g/45mm;;;;3;2000000096223;3,82;;140
???????;13802;?????? GOLAVL  PRO SSV-GP DD - 11 SI/0.6-3m/5g/45mm;;;;3;2000000096193;3,82;;140
???????;13803;?????? GOLAVL  PRO SSV-GP DD - 16 SI/0.6-3m/5g/45mm;;;;2;2000000138039;3,82;;140
???????;13804;?????? GOLAVL  PRO SSV-GP DD - 10 SI/0.6-3m/5g/45mm;;;;1;2000000096186;3,82;;140
???????;13805;?????? Silver Creek-B SSV-SC-B DD-19 FL/1.2m/6g/45mm;;;;4;2000000105420;3,96;;146
???????;13806;?????? VULCAN SSV-VU DD - 12 FL/1.2-1.6m/5g/45mm;;;;3;2000000138060;4,35;;160
???????;13807;?????? Silver Creek-Z SSV-SC-Z DD-18 FL/1.2m/4.5g/40mm;;;;1;2000000104539;382;;141
???????;13808;?????? SILVER  CREEK - 0  SSV-SC-0  DD - 21 FL/0.4m/4g/40mm;;;;1;2000000138084;4,22;;155
???????;13809;?????? Goblin  SSV-GB DD-12 FL/0.0-0.2m/8g/45mm;;;;3;2000000107530;3,8;;140
???????;13810;?????? Goblin  SSV-GB DD-15 FL/0.0-0.2m/8g/45mm;;;;3;2000000138107;3,8;;140
???????;13811;?????? Goblin  SSV-GB DD-11 FL/0.0-0.2m/8g/45mm;;;;3;2000000104973;3,8;;140
???????;13812;?????? Goblin  SSV-GB DD-18 FL/0.0-0.2m/8g/45mm;;;;2;2000000105017;3,8;;140
???????;13813;?????? Goblin  SSV-GB DD-13 FL/0.0-0.2m/8g/45mm;;;;2;2000000107547;3,8;;140
???????;13814;?????? Goblin  SSV-GB DD-10 FL/0.0-0.2m/8g/45mm;;;;3;2000000104966;3,8;;140
???????;13815;?????? Goblin  SSV-GB DD-17 FL/0.0-0.2m/8g/45mm;;;;2;2000000105000;3,8;;140
???????;13816;?????? Goblin  SSV-GB DD-20 FL/0.0-0.2m/8g/45mm;;;;1;2000000105031;3,8;;140
???????;13817;?????? Goblin  SSV-GB DD-14 FL/0.0-0.2m/8g/45mm;;;;1;2000000138176;3,8;;140
???????;13818;?????? Goblin  SSV-GB DD-23 FL/0.0-0.2m/8g/45mm;;;;2;2000000138183;3,8;;140
???????;13819;?????? SILVER  CREEK - 0  SSV-SC-0  DD - 19 FL/0.4m/4g/40mm;;;;2;2000000138190;4,22;;155
???????;13820;?????? SILVER  CREEK - 0  SSV-SC-0  DD - 15 FL/0.4m/4g/40mm;;;;2;2000000105475;4,22;;155
???????;13821;?????? SILVER  CREEK - 0  SSV-SC-0  DD - 23 FL/0.4m/4g/40mm;;;;4;2000000138213;4,22;;155
???????;13823;?????? SILVER  CREEK - 0  SSV-SC-0  DD - 24 FL/0.4m/4g/40mm;;;;1;2000000116310;4,22;;155
???????;13824;?????? SILVER  CREEK - 0  SSV-SC-0  DD - 11 FL/0.4m/4g/40mm;;;;1;2000000105451;4,22;;155
???????;13825;?????? SILVER  CREEK - 0  SSV-SC-0  DD - 10 FL/0.4m/4g/40mm;;;;6;2000000105444;4,22;;155
???????;13826;?????? MIG SSV-MI DD - 14 SI/1.2m/7g/65mm;;;;3;2000000105789;4,35;;160
???????;13827;?????? MIG SSV-MI DD - 10 SI/1.2m/7g/65mm;;;;2;2000000105765;4,35;;160
???????;13828;?????? MIG SSV-MI DD - 15 SI/1.2m/7g/65mm;;;;2;2000000105796;4,35;;160
???????;13829;?????? MIG SSV-MI DD - 23 SI/1.2m/7g/65mm;;;;1;2000000108117;4,35;;160
???????;13830;?????? MIG SSV-MI DD - 20 SI/1.2m/7g/65mm;;;;1;2000000105833;4,35;;160
???????;13832;?????? Vibrating-SR SSV-SR-06;;;;2;2000000097633;3,6;;132
???????;13833;?????? Vibrating-SR SSV-SR-01;;;;2;2000000097602;3,6;;132
???????;13834;?????? Vibrating-SR SSV-SR-09;;;;2;2000000097640;3,6;;132
???????;13835;?????? Vibrating-SR SSV-SR-04;;;;2;2000000097626;3,6;;132
???????;13836;?????? Vibrating-SR SSV-SR-32;;;;2;2000000097664;3,6;;132
???????;13837;?????? Vibrating-SR SSV-SR-03;;;;2;2000000097619;3,6;;132
???????;13838;?????? Uragan Pro SSV-UP DD-19 SP/1.6-3.2m/7g/60mm;;;;2;2000000104782;3,6;;132
???????;13839;?????? Uragan Pro SSV-UP DD-11 SP/1.6-3.2m/7g/60mm;;;;3;2000000096780;3,6;;132
???????;13840;?????? Uragan Pro SSV-UP DD-17 SP/1.6-3.2m/7g/60mm;;;;2;2000000104768;3,6;;132
???????;13841;?????? Uragan Pro SSV-UP DD-20 SP/1.6-3.2m/7g/60mm;;;;1;2000000104799;3,6;;132
???????;13842;?????? Uragan Pro SSV-UP DD-16 SP/1.6-3.2m/7g/60mm;;;;1;2000000096834;3,6;;132
???????;13843;?????? Uragan Pro SSV-UP DD-13 SP/1.6-3.2m/7g/60mm;;;;1;2000000096803;3,6;;132
???????;13844;?????? Uragan Pro SSV-UP DD-10 SP/1.6-3.2m/7g/60mm;;;;1;2000000096773;3,6;;132
???????;13845;?????? Uragan Pro SSV-UP DD-14 SP/1.6-3.2m/7g/60mm;;;;1;2000000096810;3,6;;132
???????;13847;?????? Combek S SSV-CS DD-17 SI/0.4-0.6m/3g/35mm;;;;5;2000000105727;3,6;;132
???????;13848;?????? Combek S SSV-CS DD-19 SI/0.4-0.6m/3g/35mm;;;;4;2000000105741;3,6;;132
???????;13849;?????? Combek S SSV-CS DD-15 SI/0.4-0.6m/3g/35mm;;;;4;2000000105710;3,6;;132
???????;13850;?????? Golavl S SSV-GS DD-11 SI/0.5-3m/3g/35mm;;;;3;2000000105055;3,6;;132
???????;13851;?????? Golavl S SSV-GS DD-20 SI/0.5-3m/3g/35mm;;;;2;2000000105116;3,6;;132
???????;13852;?????? Golavl S SSV-GS DD-21 SI/0.5-3m/3g/35mm;;;;1;2000000107622;3,6;;132
???????;13853;?????? Golavl S SSV-GS DD-10 SI/0.5-3m/3g/35mm;;;;1;2000000105048;3,6;;132
???????;13854;?????? Golavl S SSV-GS DD-17 SI/0.5-3m/3g/35mm;;;;1;2000000105086;3,6;;132
???????;13856;?????? Golavl S SSV-GS DD-33 SI/0.5-3m/3g/35mm;;;;1;2000000105093;3,6;;132
???????;13857;?????? Golavl S SSV-GS DD-19 SI/0.5-3m/3g/35mm;;;;3;2000000138572;3,6;;132
???????;13858;?????? Golavl S SSV-GS DD-15 SI/0.5-3m/3g/35mm;;;;4;2000000138589;3,6;;132
???????;13860;?????? DELFIN SSV-DF DD - 17  SI/0.6-1.2m/10g/70mm;;;;5;2000000104928;4,56;;168
???????;13861;?????? DELFIN SSV-DF DD - 18  SI/0.6-1.2m/10g/70mm;;;;3;2000000104935;4,56;;168
???????;13862;?????? DELFIN SSV-DF DD - 15  SI/0.6-1.2m/10g/70mm;;;;2;2000000104911;4,56;;168
???????;13863;?????? DELFIN SSV-DF DD - 12  SI/0.6-1.2m/10g/70mm;;;;4;2000000138633;4,56;;168
???????;13864;?????? DELFIN SSV-DF DD - 19  SI/0.6-1.2m/10g/70mm;;;;2;2000000138640;4,56;;168
???????;13865;?????? TSUNAMI  CRANK - 1SSV-TC1 DD - 11  FL/1.2m/8g/60mm;;;;1;2000000096544;3,96;;146
???????;13866;?????? TSUNAMI  CRANK - 1SSV-TC1 DD - 12  FL/1.2m/8g/60mm;;;;2;2000000096551;3,96;;146
???????;13867;?????? TSUNAMI  CRANK - 1SSV-TC1 DD - 24  FL/1.2m/8g/60mm;;;;3;2000000116365;3,96;;146
???????;13868;?????? TSUNAMI  CRANK - 1SSV-TC1 DD - 10  FL/1.2m/8g/60mm;;;;2;2000000096537;3,96;;146
???????;13869;?????? TSUNAMI  CRANK - 1SSV-TC1 DD - 17  FL/1.2m/8g/60mm;;;;2;2000000104683;3,96;;146
???????;13870;?????? TSUNAMI  CRANK - 1SSV-TC1 DD - 16  FL/1.2m/8g/60mm;;;;2;2000000096599;3,96;;146
???????;13871;?????? TSUNAMI  CRANK - 1SSV-TC1 DD - 19  FL/1.2m/8g/60mm;;;;2;2000000104706;3,96;;146
???????;13872;?????? TSUNAMI  CRANK - 1SSV-TC1 DD - 13  FL/1.2m/8g/60mm;;;;1;2000000096568;3,96;;146
???????;13873;?????? TSUNAMI  CRANK - 1SSV-TC1 DD - 18  FL/1.2m/8g/60mm;;;;3;2000000104690;3,96;;146
???????;13874;?????? TSUNAMI  CRANK - 1SSV-TC1 DD - 22  FL/1.2m/8g/60mm;;;;3;2000000138749;3,96;;146
???????;13875;?????? TSUNAMI  CRANK - 2  SSV-TC2  DD - 10 FL/1.8m/9g/60mm;;;;4;2000000096704;3,96;;146
???????;13876;?????? TSUNAMI  CRANK - 2  SSV-TC2  DD - 15 FL/1.8m/9g/60mm;;;;2;2000000096759;3,96;;146
???????;13877;?????? TSUNAMI  CRANK - 2  SSV-TC2  DD - 19 FL/1.8m/9g/60mm;;;;2;2000000104744;3,96;;146
???????;13878;?????? TSUNAMI  CRANK - 2  SSV-TC2  DD - 16 FL/1.8m/9g/60mm;;;;2;2000000096766;3,96;;146
???????;13879;?????? TSUNAMI  CRANK - 2  SSV-TC2  DD - 12 FL/1.8m/9g/60mm;;;;4;2000000096728;3,96;;146
???????;13880;?????? TSUNAMI  CRANK - 2  SSV-TC2  DD - 17 FL/1.8m/9g/60mm;;;;1;2000000104720;3,96;;146
???????;13881;?????? TSUNAMI  CRANK - 2  SSV-TC2  DD - 20 FL/1.8m/9g/60mm;;;;3;2000000104751;3,96;;146
???????;13882;?????? TSUNAMI  CRANK - 2  SSV-TC2  DD - 11 FL/1.8m/9g/60mm;;;;2;2000000096711;3,96;;146
???????;13883;?????? TSUNAMI  CRANK - 2  SSV-TC2  DD - 18 FL/1.8m/9g/60mm;;;;2;2000000104737;3,96;;146
???????;13884;?????? TSUNAMI  CRANK - 2  SSV-TC2  DD - 18 FL/1.8m/9g/60mm;;;;2;2000000138848;3,96;;146
???????;13885;?????? TSUNAMI  CRANK - 2  SSV-TC2  DD - 22 FL/1.8m/9g/60mm;;;;2;2000000138855;3,96;;146
???????;13886;?????? TSUNAMI  CRANK - 2  SSV-TC2  DD - 24 FL/1.8m/9g/60mm;;;;1;2000000138862;3,96;;146
???????;13887;?????? TAIFUN - 0   SSV-T-0 DD - 13  FL/0-0.2m/10g/65mm;;;;1;2000000096353;3,96;;146
???????;13888;?????? TAIFUN - 0   SSV-T-0 DD - 20  FL/0-0.2m/10g/65mm;;;;3;2000000104591;3,96;;146
???????;13889;?????? TAIFUN - 0   SSV-T-0 DD - 19  FL/0-0.2m/10g/65mm;;;;2;2000000104584;3,96;;146
???????;13890;?????? TAIFUN - 0   SSV-T-0 DD - 11  FL/0-0.2m/10g/65mm;;;;2;2000000096339;3,96;;146
???????;13891;?????? TAIFUN - 0   SSV-T-0 DD - 14  FL/0-0.2m/10g/65mm;;;;3;2000000096360;3,96;;146
???????;13892;?????? TAIFUN - 1 SSV-T-1 DD - 20  FL/1.2m/10g/65mm;;;;2;2000000104638;3,96;;146
???????;13893;?????? TAIFUN - 1 SSV-T-1 DD - 11  FL/1.2m/10g/65mm;;;;2;2000000096407;3,96;;146
???????;13894;?????? TAIFUN - 1 SSV-T-1 DD - 14  FL/1.2m/10g/65mm;;;;2;2000000096438;3,96;;146
???????;13895;?????? PIKE  S  SSV-PS  DD - 17   FL/0.0m/8g/65mm;;;;2;2000000105161;4,62;;170
???????;13896;?????? PIKE  S  SSV-PS  DD - 12   FL/0.0m/8g/65mm;;;;2;2000000138961;4,62;;170
???????;13897;?????? Minnow-M3S SSV-M3S-09;;;;2;2000000097428;3,6;;132
???????;13898;?????? Minnow-M3S SSV-M3S-03;;;;2;2000000097404;3,6;;132
???????;13899;?????? Minnow-M2S SSV-M2S-03;;;;2;2000000097251;3,6;;132
???????;13900;?????? AMULET  PRO SSV-AP DD - 16 FL/1.2 m/10g/60 mm;;;;10;2000000096179;3,96;;146
???????;13901;?????? AMULET  PRO SSV-AP DD - 24 FL/1.2 m/10g/60 mm;;;;8;2000000116235;3,96;;146
???????;13902;?????? AMULET  PRO SSV-AP DD - 10 FL/1.2 m/10g/60 mm;;;;10;2000000096117;3,96;;146
???????;13903;?????? AMULET  PRO SSV-AP DD - 13 FL/1.2 m/10g/60 mm;;;;8;2000000096148;3,96;;146
???????;13904;?????? AMULET  PRO SSV-AP DD - 15 FL/1.2 m/10g/60 mm;;;;10;2000000096162;3,96;;146
???????;13905;?????? AMULET  PRO SSV-AP DD - 25 FL/1.2 m/10g/60 mm;;;;10;2302000011658;3,96;;146
???????;13907;?????? AMULET  PRO SSV-AP DD - 17 FL/1.2 m/10g/60 mm;;;;10;2000000139074;3,96;;146
???????;13908;?????? AMULET  PRO SSV-AP DD - 18 FL/1.2 m/10g/60 mm;;;;10;2000000139081;3,96;;146
???????;13909;?????? AMULET  PRO SSV-AP DD - 20 FL/1.2 m/10g/60 mm;;;;10;2000000139098;3,96;;146
???????;13910;?????? AMULET  PRO SSV-AP DD - 11 FL/1.2 m/10g/60 mm;;;;9;2000000096124;3,96;;146
???????;13911;?????? AMULET  PRO SSV-AP DD - 14 FL/1.2 m/10g/60 mm;;;;10;2000000096155;3,96;;146
???????;13912;?????? AMULET  PRO SSV-AP DD - 12 FL/1.2 m/10g/60 mm;;;;9;2000000096131;3,96;;146
???????;13913;?????? Jackall Tiny Fry 38SP 1.5?? ghost wakasagi;;;;2;4525807004663;8,39;;332
???????;13914;?????? Jackall Tiny Fry 38S 1.5?? ghost wakasagi;;;;1;4525807059854;8,39;;332
???????;13915;?????? Jackall Tiny Fry 38SP 1.5?? hl fry;;;;1;4525807012729;8,39;;332
???????;13916;?????? Jackall Tiny Fry 38S 1.5?? hl fry;;;;2;4525807048131;8,39;;332
???????;13917;?????? Jackall Tiny Fry 38SP 1.5?? suji shrimp;;;;1;4525807006407;8,39;;332
???????;13918;?????? Jackall Tiny Fry 38SP 1.5?? pellet yellov;;;;1;4525807006391;8,39;;332
???????;13919;?????? Jackall Tiny Fry 38SP 1.5?? ghost purple;;;;1;4525807079364;8,39;;332
???????;13920;?????? Jackall Tiny Fry 38SP 1.5?? ghost g perch;;;;1;4525807067415;8,39;;332
???????;13921;?????? Jackall Tiny Fry 38SP 1.5?? ul tamamushi;;;;1;4525807017762;8,39;;332
???????;13922;?????? Jackall Tiny Fry 38SP 1.5?? hl shining tiger;;;;1;4525807063844;8,39;;332
???????;13923;?????? Jackall Tiny Fry 38SP 1.5?? hl gold&black;;;;2;4525807006421;8,39;;332
???????;13924;?????? Jackall Tiny Fry 38S 1.5?? hl gold&black;;;;2;4525807059823;8,39;;332
???????;13926;?????? Jackall Tiny Fry 38S 1.5?? hl wakasagi;;;;2;4525807059830;8,39;;332
???????;13927;?????? Jackall Tiny Fry 38S 1.5?? hl silver&black;;;;3;4525807059847;8,39;;332
???????;13928;?????? Jackall Tiny Fry 38SP 1.5?? hl silver&black;;;;2;4525807052824;8,39;;332
???????;13929;?????? Jackall Tiny Fry 38SP 1.5?? ul bug;;;;1;4525807079333;8,39;;332
???????;13930;?????? Jackall Tiny Fry 38SP 1.5?? hl black;;;;1;4525807079340;8,39;;332
???????;13931;?????? Jackall Tiny Fry 38SP 1.5?? mat tiger;;;;3;4525807004649;8,39;;332
???????;13932;?????? Jackall Tiny Fry 38SP 1.5?? ghost ayu;;;;2;4525807006360;8,39;;332
???????;13933;?????? Jackall Tiny Fry 38S 1.5?? ghost ayu;;;;2;4525807059809;8,39;;332
???????;13934;?????? Jackall Tiny Fry 38S 1.5?? mat tiger;;;;1;4525807048100;8,39;;332
???????;13935;?????? Jackall Tiny Fry 38SP 1.5?? hl wakasagi;;;;2;4525807049121;8,39;;332
???????;13936;?????? Jackall Chubby 38F 4.0?? craw fish;;;;1;4525807011630;8,42;;333
???????;13937;?????? Jackall Chubby 38F 4.0?? mat chart;;;;1;4525807004588;8,42;;333
???????;13938;?????? Jackall Chubby 38F 4.0?? hl shinning tiger;;;;2;4525807063820;8,42;;333
???????;13939;?????? Jackall Chubby 38F 4.0?? ul tamamushi;;;;3;4525807017816;8,42;;333
???????;13940;?????? Jackall Chubby 38F 4.0?? ghost purple;;;;3;4525807078831;8,42;;333
???????;13941;?????? Jackall Chubby 38F 4.0?? hl black;;;;1;4525807078817;8,42;;333
???????;13942;?????? Jackall Chubby 38F 4.0?? mat black;;;;1;4525807004601;8,42;;333
???????;13944;?????? Jackall Chubby 38F 4.0?? ghost g perch;;;;3;4525807067606;8,42;;333
???????;13945;?????? Jackall Chubby 38F 4.0?? gold plack;;;;1;4525807004540;8,42;;333
???????;13946;?????? Jackall Chubby 38F 4.0?? ul bug;;;;1;4525807006322;8,42;;333
???????;13947;?????? Jackall Chubby 38F 4.0?? hl shad;;;;1;4525807017823;8,42;;333
???????;13948;?????? Jackall Chubby 38F 4.0?? noike gill;;;;1;4525807048179;8,42;;333
???????;13949;?????? Jackall Chubby 38F 4.0?? mat tiger;;;;1;4525807004564;8,42;;333
???????;13950;?????? Jackall Chubby 38F 4.0?? ghost wakasagi;;;;1;4525807006308;8,42;;333
???????;13951;?????? Jackall Chubby 38F ssr 4.0?? ghost wakasagi;;;;1;4525807075359;8,42;;333
???????;13953;?????? Jackall Squadminnow 65F 5.4?? koayu;;;;1;4525807073331;10,09;;399
???????;13954;?????? Jackall Squadminnow 65F 5.4?? noike gill;;;;1;4525807073607;10,09;;399
???????;13955;?????? Jackall Squadminnow 65SP 5.8?? noike gill;;;;1;4525807040029;10,09;;399
???????;13956;?????? Jackall Squadminnow 65SP 5.8?? natural shad;;;;1;4525807072396;10,09;;399
???????;13957;?????? Jackall Squadminnow 65SP 5.8?? hl bronzebluepike;;;;2;4525807067521;10,09;;399
???????;13958;?????? Jackall Squadminnow 65SP 5.8?? purple mohican;;;;2;4525807079159;10,09;;399
???????;13959;?????? Jackall Squadminnow 65SP 5.8?? hl mat shad;;;;2;4525807079630;10,09;;399
???????;13960;?????? Jackall Squadminnow 65SP 5.8?? nf ayu;;;;2;4525807079135;10,09;;399
???????;13961;?????? Jackall Cherry 44F 6.2?? pellet yellow;;;;2;4525807078756;9,26;;366
???????;13963;?????? Jackall Cherry 44F 6.2?? hl black;;;;3;4525807009262;9,26;;366
???????;13964;?????? Jackall Cherry 44F 6.2?? blue gill;;;;2;4525807021608;9,26;;366
???????;13965;?????? Jackall Cherry 44F 6.2?? blue black tiger;;;;1;4525807011906;9,26;;366
???????;13966;?????? Jackall Cherry 44F 6.2?? pearl ayu;;;;2;4525807030136;9,26;;366
???????;13967;?????? Jackall Cherry 44F 6.2?? chrome tiger;;;;2;4525807032659;9,26;;366
???????;13968;?????? Jackall Cherry 44F 6.2?? ul bug;;;;4;4525807002560;9,26;;366
???????;13969;?????? Jackall Cherry 44F 6.2?? hl silver&black;;;;2;4525807045161;9,26;;366
???????;13970;?????? Jackall D Cherry 48F 7.8?? blue back tiger;;;;2;4525807011562;9,26;;366
???????;13971;?????? Jackall D Cherry 48F 7.8?? purple mohican;;;;2;4525807039443;9,26;;366
???????;13972;?????? Jackall D Cherry 48F 7.8?? ghost ayu;;;;2;4525807005028;9,26;;366
???????;13973;?????? Jackall D Cherry 48F 7.8?? mat tiger;;;;2;4525807002959;9,26;;366
???????;13974;?????? Jackall D Cherry 48F 7.8?? hl silver&black;;;;2;4525807045185;9,26;;366
???????;13975;?????? Jackall Cherry 1 Footer 46F 7.2?? mat black;;;;4;4525807004335;9,26;;366
???????;13976;?????? Jackall Cherry 1 Footer 46F 7.2?? ul bug;;;;1;4525807078770;9,26;;366
???????;13977;?????? Jackall Cherry 1 Footer 46F 7.2?? pellet yellow;;;;1;4525807078763;9,26;;366
???????;13978;?????? Jackall D Chubby Minnow 38F 4.7?? pellet yellow;;;;1;4525807089066;9,26;;366
???????;13979;?????? Jackall D Chubby Minnow 38F 4.7?? ul bug;;;;1;4525807089059;9,26;;366
???????;13980;?????? Jackall D Chubby Minnow 38F 4.7?? hl silver&black;;;;1;4525807078497;9,26;;366
???????;13981;?????? Jackall Jaco 58SR 58?? 9,5? TO Flash Shad F;;;;1;4525807086362;9,27;;366
???????;13982;?????? Jackall Jaco 58SR 58?? 9,5? TO Ghost Shad F;;;;1;4525807086355;9,27;;366
???????;13983;?????? Jackall Jaco 58SR 58?? 9,5? is bluegill;;;;1;4525807086300;9,27;;366
???????;13984;?????? Jackall Aragon Jr.SR 50F 8.0?? table rock shad;;;;1;4525807039429;9,77;;400
???????;13985;?????? Jackall Aragon Jr.SR 50F 8.0?? hl blue gill;;;;1;4525807026962;10,09;;400
???????;13986;?????? Jackall Aragon Jr.SR 50F 8.0?? noike gill;;;;1;4525807025149;9,09;;400
???????;13987;?????? Jackall Hama-ku-ru Spider 41F 6.5?? whihe buterfly;;;;4;4525807040357;10,07;;398
???????;13988;?????? Jackall Hama-ku-ru Spider 41F 6.5?? ul beatle;;;;4;4525807005967;10,07;;398
???????;13989;?????? Jackall Hama-ku-ru Spider 41F 6.5?? kagerow;;;;3;4525807040388;10,07;;398
???????;13990;?????? Jackall Hama-ku-ru Spider 41F 6.5?? devil red;;;;4;4525807005936;10,07;;398
???????;13991;?????? Jackall Hama-ku-ru Spider 41F 6.5?? clear bee;;;;3;4525807040371;10,07;;398
???????;13992;?????? Jackall Hama-ku-ru Spider 41F 6.5?? ul bug;;;;3;4525807005950;10,07;;398
???????;13993;?????? Jackall Hama-ku-ru Spider 41F 6.5?? devil char;;;;4;4525807005943;10,07;;398
???????;13994;?????? Jackall Hama-ku-ru Spider 41F 6.5?? black widow;;;;4;4525807040364;10,07;;398
???????;13995;?????? Jackall Chubby Minnow 35SP 2.3?? ghost purple;;;;1;4525807078992;9,26;;366
???????;13996;?????? Jackall Chubby Minnow 35SP 2.3?? ayu;;;;1;4525807065541;9,26;;366
???????;13997;?????? Jackall Chubby Minnow 35SP 2.3?? mat black;;;;1;4525807078954;9,26;;366
???????;13998;?????? Jackall Chubby Minnow 35SP 2.3?? hl black;;;;1;4525807078985;9,26;;366
???????;13999;?????? Jackall Chubby Minnow 35SP 2.3?? ghost & perch;;;;1;4525807067514;9,26;;366
???????;14000;?????? Jackall Chubby Minnow 35SP 2.3?? green squash;;;;1;4525807079838;9,26;;366
???????;14001;?????? Jackall Chubby Minnow 35SP 2.3?? ghost wakasagi;;;;2;4525807065589;9,26;;366
???????;14002;?????? Jackall Chubby Minnow 35SP 2.3?? hl silver&black;;;;2;4525807065626;9,26;;366
???????;14003;?????? Jackall Chubby Minnow 35SP 2.3?? hl shining tiger;;;;2;4525807067507;9,26;;366
???????;14004;?????? Jackall Chubby Minnow 35SP 2.3?? pellet yellow;;;;2;4525807078961;9,26;;366
???????;14005;?????? Jackall Chubby Minnow 35SP 2.3?? nk kawaguchiko rainbow;;;;2;4525807067941;9,26;;366
???????;14006;?????? Jackall Chubby Minnow 35?? 2.3? HL bora Suspending;;;;3;4525807078886;8,83;;366
???????;14007;?????? Jackall Chubby Minnow 35?? 2.3? pellet orange Suspending;;;;4;4525807079821;8,83;;366
???????;14008;?????? Jackall Chubby Minnow 35?? 2.3? hl silver&black Suspending;;;;3;4525807051360;8,83;;366
???????;14009;?????? Jackall Chubby Minnow 35?? 2.3? ayu Suspending;;;;2;4525807051285;8,83;;366
???????;14010;?????? Jackall Chubby Minnow 35?? 2.3? nk kawaguchiko rainbow Suspending;;;;2;4525807063912;8,83;;366
???????;14011;?????? Jackall Chubby Minnow 35?? 2.3? mat black Suspending;;;;2;4525807078848;8,83;;366
???????;14012;?????? Jackall Chubby Minnow 35?? 2.3? ul bug Suspending;;;;2;4525807078862;8,83;;366
???????;14013;?????? Jackall Chubby Minnow 35?? 2.3? mat tiger Suspending;;;;2;4525807051308;8,83;;366
???????;14014;?????? Jackall Chubby Minnow 35?? 2.3? hl shinning tiger Suspending;;;;1;4525807063905;8,83;;366
???????;14015;?????? Jackall Chubby Minnow 35?? 2.3? hl black Suspending;;;;1;4525807078879;8,83;;366
???????;14016;?????? Jackall Chubby Minnow 35?? 2.3? ghost purple Suspending;;;;1;4525807078893;8,83;;366
???????;14017;?????? DOZER Zoid 26 ???. 2,8? 0-1? C4W12;;;;3;2000000140179;2,54;;104
???????;14018;?????? DOZER Zoid 26 ?????? 2,4? C1R12;;;;3;2000000140186;2,54;;104
???????;14019;?????? DOZER Zoid 26 ???. 2,8? 0-1? B4R12;;;;4;2000000140193;2,54;;104
???????;14020;?????? DOZER Zoid 26 ?????? 2,4? C1X;;;;4;2000000140209;2,54;;104
???????;14021;?????? DOZER Zoid 26 ???. 2,8? 0-1? C4C12;;;;5;2000000140216;2,54;;104
???????;14022;?????? DOZER Zoid 26 ???. 2,8? 0-1? B4?12;;;;3;2000000140223;2,54;;104
???????;14023;?????? DOZER Zoid 29 deep ????. 3.3? 0,5-1,5? A1A12;;;;3;2000000140230;2,54;;104
???????;14024;?????? DOZER Zoid 26 ?????? 2,4? B4?12;;;;5;2000000140247;2,54;;104
???????;14025;?????? Lery master;;;;22;2000000140254;0,6;;25
???????;14027;?????? DUEL HARDCORE MINNOW 50S F922 HAJ 50??/3?/0,2-0,8?;;;;2;4940764227908;9,58;;353
???????;14028;?????? DUEL HARDCORE MINNOW 50S F922 HOKS 50??/3?/0,2-0,8?;;;;2;4940764227960;9,58;;353
???????;14029;?????? DUEL HARDCORE MINNOW 50S F922 HHS 50??/3?/0,2-0,8?;;;;2;4940764227946;9,58;;353
???????;14030;?????? DUEL HARDCORE MINNOW 50S F922 HIW 50??/3?/0,2-0,8?;;;;1;4940764227953;9,58;;353
???????;14031;?????? DUEL HARDCORE MINNOW 50F F915 HAJ 50??/2,5?/0-0,2?;;;;1;4940764227786;9,58;;353
???????;14032;?????? DUEL HARDCORE MINNOW 50S F922 HOKS 50??/3?/0,2-0,8?;;;;2;4940764227847;9,58;;353
???????;14033;?????? DUEL HARDCORE MINNOW 50S F922 HIW 50??/3?/0,2-0,8?;;;;2;4940764227830;9,58;;353
???????;14034;?????? DUEL HARDCORE MINNOW 50S F922 HHS 50??/3?/0,2-0,8?;;;;2;4940764227823;9,58;;353
???????;14035;?????? DUEL HARDCORE NOI-Z 105F F1064 HGSN 105??/28?/ max 0.3?;;;;1;4940764419549;16,64;;574
???????;14036;?????? DUEL HARDCORE NOI-Z 105F F1064 HBG 105??/28?/ max 0.3?;;;;1;4940764419525;16,64;;574
???????;14037;?????? DUEL HARDCORE NOI-Z 105F F1064 HCLP 105??/28?/ max 0.3?;;;;1;4940764420378;16,64;;574
???????;14038;?????? DUEL HARDCORE NOI-Z 105F F1064 MEAY 105??/28?/ max 0.3?;;;;1;4940764419563;16,64;;574
???????;14039;?????? DUEL HARDCORE NOI-Z 105F F1064 BCL 105??/28?/ max 0.3?;;;;1;4940764419518;16,64;;574
???????;14041;?????? DUEL HARDCORE NOI-Z 105F F1064 MHS 105??/28?/ max 0.3?;;;;1;4940764419587;16,64;;574
???????;14042;?????? DUEL HARDCORE NOI-Z 105F F1064 SAY 105??/28?/ max 0.3?;;;;1;4940764419600;16,64;;574
???????;14043;?????? F1039 HGBL HARDCORE MINNOW 70F BASS  50mm;;;;3;4940764414575;8,92;;328
???????;14044;?????? F1039 KVWS HARDCORE MINNOW 70F BASS  50mm;;;;3;4940764414605;8,2;;328
???????;14045;?????? F1039 MBCL HARDCORE MINNOW 70F BASS  50mm;;;;2;4940764414612;8,2;;328
???????;14047;?????? F1039 GSAY HARDCORE MINNOW 70F BASS  50mm;;;;1;4940764414544;8,92;;328
???????;14048;?????? F1039 HSM HARDCORE MINNOW 70F BASS  50mm;;;;1;4940764414599;8,92;;328
???????;14049;?????? F1038 HGBL HARDCORE MINNOW 50F BASS  50mm;;;;3;4940764414476;8,92;;328
???????;14050;?????? F1038 HSM HARDCORE MINNOW 50F BASS  50mm;;;;1;4940764414490;8,92;;328
???????;14051;?????? DUEL Aile MAGNET NEO 70F F874  FHSG 70??/6?/max 1,0?;;;;2;4940764210481;10,1;;372
???????;14052;?????? DUEL Aile MAGNET NEO 70F F874  DHCM 70??/6?/max 1,0?;;;;2;4940764210467;10,1;;372
???????;14053;?????? DUEL Aile MAGNET NEO 70F F874  SHIW 70??/6?/max 1,0?;;;;2;4940764210511;10,1;;372
???????;14056;?????? DUEL Aile MAGNET NEO 70F F874  DHMT 70??/6?/max 1,0?;;;;2;4940764210474;10,1;;372
???????;14057;?????? DUEL Aile MAGNET NEO 70S F876  FHSG 70??/8,5?/max 3,0?;;;;1;4940764210641;10,1;;372
???????;14058;?????? DUEL HARDCORE MINNOW 90S F924 PHRH 90??/8?/0,4-1,5?;;;;1;4940764228523;10,5;;386
???????;14059;?????? DUEL HARDCORE MID CRANK 60F F1022  GSAY 60??/10?/2,5?+;;;;2;4940764411253;9,99;;368
???????;14060;?????? DUEL HARDCORE MID CRANK 60F F1022  HBG 60??/10?/2,5?+;;;;2;4940764411260;9,99;;368
???????;14061;?????? DUEL HARDCORE MID CRANK 60F F1022  PHSH 60??/10?/2,5?+;;;;2;4940764410393;9,99;;368
???????;14062;?????? DUEL HARDCORE MID CRANK 60F F1022  HHT 60??/10?/2,5?+;;;;2;4940764410379;9,99;;368
???????;14063;?????? DUEL HARDCORE MID CRANK 60F F1022  HAT 60??/10?/2,5?+;;;;2;4940764410324;9,99;;368
???????;14064;?????? DUEL HARDCORE MID CRANK 60F F1022  MBCL 60??/10?/2,5?+;;;;2;4940764411277;9,99;;368
???????;14065;?????? DUEL HARDCORE MID CRANK 60F F1022  HGBL 60??/10?/2,5?+;;;;1;4940764410362;9,99;;368
???????;14066;?????? DUEL SILVER POP 60 F905 SHIW  60??/7?/?????????????;;;;2;4940764223368;8,09;;298
???????;14067;?????? DUEL SILVER POP 60 F905 TMTE  60??/7?/?????????????;;;;1;4940764223429;8,09;;298
???????;14068;?????? DUEL HARDCORE SHALLOW CRANK 65F F968 HSH 65??/8?/0,5-1?;;;;1;4940764237679;9,51;;350
???????;14069;?????? DUEL HARDCORE SHALLOW CRANK 65F F968 HHT 65??/8?/0,5-1?;;;;1;4940764237662;9,51;;350
???????;14070;?????? DUEL HARDCORE SHALLOW CRANK 65F F968 MPSH 65??/8?/0,5-1?;;;;2;4940764411208;9,51;;350
???????;14071;?????? DUEL DINO CRANK MD F724 HBSH 55??/12?/?? 2,5?;;;;1;4940764143604;8,9;;328
???????;14072;?????? DUEL HARDCORE SURFACE CRANK 65F F969 MGBG 65??/8?/0-0,3?;;;;1;4940764411222;9,51;;350
???????;14073;?????? YO-ZURI L-MINNOW HEAVY WEIGHT 33S F952 LSCA 33??/5,5?/?? 1,5?;;;;1;4940764236399;6,26;;230
???????;14074;?????? YO-ZURI L-MINNOW HEAVY WEIGHT 33S F952 HHAJ 33??/5,5?/?? 1,5?;;;;3;4940764236351;6,26;;230
???????;14075;?????? YO-ZURI L-MINNOW HEAVY WEIGHT 33S F952 CBPT 33??/5,5?/?? 1,5?;;;;5;4940764236337;6,26;;230
???????;14077;?????? YO-ZURI L-MINNOW HEAVY WEIGHT 33S F952 SHIW 33??/5,5?/?? 1,5?;;;;4;4940764236405;6,26;;230
???????;14078;?????? YO-ZURI L-MINNOW HEAVY WEIGHT 33S F952 HHIW 33??/5,5?/?? 1,5?;;;;6;4940764236368;6,26;;230
???????;14079;?????? YO-ZURI L-MINNOW SINGLE HOOK 33F F955 KVBN 33??/2,5?/?? 0,5?;;;;2;4940764236627;5,63;;207
???????;14080;?????? YO-ZURI L-MINNOW SINGLE HOOK 33F F955 TEN 33??/2,5?/?? 0,5?;;;;2;4940764236641;5,63;;207
???????;14081;?????? YO-ZURI L-MINNOW SINGLE HOOK 33F F955 HACI 33??/2,5?/?? 0,5?;;;;1;4940764236603;5,63;;207
???????;14082;?????? YO-ZURI L-MINNOW SINGLE HOOK 33F F955 FFG 33??/2,5?/?? 0,5?;;;;3;4940764236597;5,63;;207
???????;14083;?????? YO-ZURI L-MINNOW SINGLE HOOK 33F F955 AMG 33??/2,5?/?? 0,5?;;;;4;4940764236573;5,63;;207
???????;14085;?????? YO-ZURI L-MINNOW 33S F198 C44 33??/3,5?/?? 1,5?;;;;2;4940764216131;5,64;;208
???????;14086;?????? YO-ZURI L-MINNOW 33S F198 M92 33??/3,5?/?? 1,5?;;;;2;4940764046998;5,64;;208
???????;14088;?????? YO-ZURI L-MINNOW 33S F198 M102 33??/3,5?/?? 1,5?;;;;3;4940764046974;5,64;;208
???????;14089;?????? YO-ZURI L-MINNOW 33S F198 M100 33??/3,5?/?? 1,5?;;;;5;4940764046950;5,64;;208
???????;14090;?????? YO-ZURI L-MINNOW 44S F199 M101 44??/5,5?/?? 1,5?;;;;7;4940764047025;5,8;;213
???????;14091;?????? YO-ZURI L-MINNOW 44S F199 M100 44??/5,5?/?? 1,5?;;;;8;4940764047018;5,8;;213
???????;14092;?????? YO-ZURI L-MINNOW 44S F199 C44 44??/5,5?/?? 1,5?;;;;3;4940764199434;5,8;;213
???????;14093;?????? YO-ZURI L-MINNOW 44S F199 M102 44??/5,5?/?? 1,5?;;;;5;4940764047032;5,8;;213
???????;14094;?????? YO-ZURI L-MINNOW 66S F200 M101 66??/7?/?? 1,5?;;;;3;4940764047087;6;;221
???????;14096;?????? YO-ZURI L-MINNOW 66S F200 M102 66??/7?/?? 1,5?;;;;5;4940764047094;6;;221
???????;14097;?????? YO-ZURI L-MINNOW 66S F200 BL 66??/7?/?? 1,5?;;;;2;4940764199441;6;;221
???????;14098;?????? YO-ZURI L-MINNOW HEAVY WEIGHT 44S F953 SHIW 44??/9?/?? 1,5?;;;;2;4940764236481;6,89;;254
???????;14099;?????? YO-ZURI L-MINNOW HEAVY WEIGHT 44S F953 CBPT 44??/9?/?? 1,5?;;;;3;4940764236412;6,89;;254
???????;14100;?????? YO-ZURI PIN'S MINNOW 50F F1014 SHMY 50??/2?/?? 0,5?;;;;2;756791409279;5,63;;207
???????;14101;?????? YO-ZURI PIN'S MINNOW 50F F1014 M176 50??/2?/?? 0,5?;;;;2;756791409217;5,63;;207
???????;14102;?????? YO-ZURI PIN'S MINNOW 50F F1014 GBL 50??/2?/?? 0,5?;;;;1;756791409163;5,63;;207
???????;14103;?????? YO-ZURI PIN'S MINNOW 50F F1014 M44 50??/2?/?? 0,5?;;;;2;756791409231;5,63;;207
???????;14104;?????? YO-ZURI PIN'S MINNOW 50F F1014 BL 50??/2?/?? 0,5?;;;;2;756791409149;5,63;;207
???????;14105;?????? YO-ZURI PIN'S MINNOW 50F F196 GSBS 50??/2?/?? 0,5?;;;;2;4940764207306;5,63;;207
???????;14106;?????? YO-ZURI PIN'S MINNOW 50F F196 BL 50??/2?/?? 0,5?;;;;1;4940764184461;5,63;;207
???????;14107;?????? YO-ZURI PIN'S MINNOW 50F F196 GBL 50??/2?/?? 0,5?;;;;2;4940764233435;5,63;;207
???????;14108;?????? YO-ZURI 3DS CRANK SR 50F F1036 HHAY 50??/8?/0,5-1?;;;;3;4940764413233;7,98;;294
???????;14109;?????? YO-ZURI 3DS CRANK SR 50F F1036 HTS 50??/8?/0,5-1?;;;;3;4940764413271;7,98;;294
???????;14110;?????? YO-ZURI 3DS CRANK SR 50F F1036 MBG 50??/8?/0,5-1?;;;;1;4940764414087;7,98;;294
???????;14111;?????? YO-ZURI 3DS CRANK SR 50F F1036 MSS 50??/8?/0,5-1?;;;;4;4940764414124;7,98;;294
???????;14112;?????? YO-ZURI PIN'S MINNOW SINGLE HOOK 50S F956 ADJ 50??/2?/?? 0,5?;;;;1;4940764236658;5,63;;207
???????;14113;?????? YO-ZURI PIN'S MINNOW SINGLE HOOK 50S F956 DJ 50??/2?/?? 0,5?;;;;2;4940764236689;5,63;;207
???????;14114;?????? YO-ZURI PIN'S MINNOW SINGLE HOOK 50S F956 CHLT 50??/2?/?? 0,5?;;;;2;4940764236672;5,63;;207
???????;14115;?????? YO-ZURI PIN'S MINNOW SINGLE HOOK 50S F956 KBKR 50??/2?/?? 0,5?;;;;3;4940764236702;5,63;;207
???????;14116;?????? YO-ZURI 3DS SHAD SR 65SP F957 HHPB 65??/6?/1?;;;;2;4940764236764;7,67;;282
???????;14118;?????? YO-ZURI 3DS SHAD SR 65SP F957 HTS 65??/6?/1?;;;;1;4940764236856;7,67;;282
???????;14119;?????? YO-ZURI CRYSTAL MINNOW 70F R836 C4 70??/5?/ ?? 0,6?;;;;2;4940764182214;7,47;;275
???????;14120;?????? YO-ZURI CRYSTAL MINNOW 70F R836 SBR 70??/5?/ ?? 0,6?;;;;1;4940764182283;7,47;;275
???????;14121;?????? YO-ZURI CRYSTAL MINNOW 70F R836 GHCR 70??/5?/ ?? 0,6?;;;;2;4940764214564;7,47;;275
???????;14122;?????? YO-ZURI SASHIMI MID CRANK 70F R1061 CMBC 70??/15?/1,2-1,8?;;;;2;756791418387;9,86;;363
???????;14123;?????? YO-ZURI SASHIMI MID CRANK 70F R1061 CSBG 70??/15?/1,2-1,8?;;;;2;756791405356;9,86;;363
???????;14124;?????? YO-ZURI SASHIMI MID CRANK 70F R1061 CMCF 70??/15?/1,2-1,8?;;;;2;756791405318;9,86;;363
???????;14125;?????? YO-ZURI EBA SHAD F755  SHAJ 50??/4?/?? 1,5?;;;;2;4940764152354;7,86;;289
???????;14126;?????? YO-ZURI EBA SHAD F755  SHKT 50??/4?/?? 1,5?;;;;2;4940764221203;7,86;;289
???????;14127;?????? YO-ZURI EBA SHAD F755  SHS 50??/4?/?? 1,5?;;;;1;4940764223566;7,86;;289
???????;14128;?????? YO-ZURI EBA SHAD F755  SHGM 50??/4?/?? 1,5?;;;;1;4940764221180;7,86;;289
???????;14129;?????? YO-ZURI EBA SHAD F755  SHIW 50??/4?/?? 1,5?;;;;2;4940764152347;7,86;;289
???????;14130;?????? YO-ZURI EBA SHAD F755  SHKS 50??/4?/?? 1,5?;;;;1;4940764221197;7,86;;289
???????;14131;?????? YO-ZURI SNAP BEANS(S) SET 20mm & 25mm  F237 ?2 20??/1? & 25/2?  ???????;;;;4;4940764075806;8,01;;295
???????;14132;?????? YO-ZURI SNAP BEANS(S) SET 20mm & 25mm  F237 ?167 20??/1? & 25/2?  ???????;;;;1;4940764075813;8,01;;295
???????;14133;?????? YO-ZURI EBA POPPER F414 TMCL 50??/4?/?????????????;;;;1;4940764195252;7,86;;289
???????;14134;?????? YO-ZURI EBA POPPER F414 SHGM 50??/4?/?????????????;;;;1;4940764221241;7,86;;289
???????;14135;?????? YO-ZURI EBA POPPER F414 SHIW 50??/4?/?????????????;;;;1;4940764195238;7,86;;289
???????;14136;?????? YO-ZURI EBA POPPER F414 SHS 50??/4?/?????????????;;;;3;4940764223603;7,86;;289
???????;14137;?????? YO-ZURI EBA MINNOW F413 SHS 55??/4?/?? 1,2?;;;;2;4940764223580;7,86;;289
???????;14138;?????? YO-ZURI 3DS VIBE 60S F959  HGBL 60??/14?/1,5?;;;;1;4940764236917;8;;294
???????;14139;?????? YO-ZURI 3D FLAT CRANK F683 OK 55??/7,5?/?? 1,2?;;;;1;4940764124672;7,96;;293
???????;14140;?????? YO-ZURI 3D FLAT CRANK F683 AY 55??/7,5?/?? 1,2?;;;;1;4940764124627;7,96;;293
???????;14141;?????? YO-ZURI 3D FLAT CRANK F683 NPB 55??/7,5?/?? 1,2?;;;;1;4940764124665;7,96;;293
???????;14142;?????? YO-ZURI 3DS MINNOW 70SP F962 HHPB 70??/7?/0,8?;;;;1;4940764237167;8;;294
???????;14143;?????? YO-ZURI 3DS MINNOW 70SP F962 HTS 70??/7?/0,8?;;;;2;4940764237174;8;;294
???????;14144;?????? PONTOON 21 GagaGoon 45S-SR 45mm, 3.5gr, 0.3-0.6m, 315;;;;2;4571115344885;6,15;;226
???????;14146;?????? PONTOON 21 GagaGoon 45S-SR 45mm, 3.5gr, 0.3-0.6m, 211;;;;2;4571115344908;6,15;;226
???????;14147;?????? PONTOON 21 GagaGoon 45S-SR 45mm, 3.5gr, 0.3-0.6m, 321;;;;2;4571115344878;6,15;;226
???????;14148;?????? PONTOON 21 GagaGoon 45S-SR 45mm, 3.5gr, 0.3-0.6m, 213;;;;2;4571115344915;6,15;;226
???????;14150;?????? PONTOON 21 GagaGoon 45S-SR 45mm, 3.5gr, 0.3-0.6m, 807;;;;1;4571115344946;6,15;;226
???????;14151;?????? PONTOON 21 GagaGoon 45S-SR 45mm, 3.5gr, 0.3-0.6m, 730;;;;2;4571115344922;6,15;;226
???????;14152;?????? PONTOON 21 GagaGoon 45S-SR 45mm, 3.5gr, 0.3-0.6m, 850;;;;1;4571115344939;6,15;;226
???????;14153;?????? PONTOON 21 GagaGoon 45S-SR 45mm, 3.5gr, 0.3-0.6m, 305;;;;1;4571115344892;6,15;;226
???????;14154;?????? PONTOON 21 Bet-A-Shad 63F SR 63mm, 7.3gr, 0.1-0.3m 005;;;;3;4571115356857;7,15;;263
???????;14155;?????? PONTOON 21 Bet-A-Shad 63F SR 63mm, 7.3gr, 0.1-0.3m 317;;;;3;4571115356918;7,15;;263
???????;14156;?????? PONTOON 21 Bet-A-Shad 63F SR 63mm, 7.3gr, 0.1-0.3m R60;;;;3;4571115356949;7,15;;263
???????;14157;?????? PONTOON 21 Bet-A-Shad 63F SR 63mm, 7.3gr, 0.1-0.3m 712;;;;3;4571115359414;7,15;;263
???????;14158;?????? PONTOON 21 Bet-A-Shad 63F SR 63mm, 7.3gr, 0.1-0.3m 050;;;;3;4571115356888;7,15;;263
???????;14159;?????? PONTOON 21 SapShad 65F SR 65mm, 6.25gr, 0.4-0.7m 154;;;;2;4571115350961;8;;294
???????;14160;?????? PONTOON 21 SapShad 65F SR 65mm, 6.25gr, 0.4-0.7m 304;;;;2;4571115350985;8;;294
???????;14161;?????? PONTOON 21 SapShad 65F SR 65mm, 6.25gr, 0.4-0.7m 007;;;;2;4571115350916;8;;294
???????;14162;?????? PONTOON 21 SapShad 65F SR 65mm, 6.25gr, 0.4-0.7m 051;;;;2;4571115350947;8;;294
???????;14163;?????? PONTOON 21 SapShad 65F SR 65mm, 6.25gr, 0.4-0.7m 050;;;;2;4571115350930;8;;294
???????;14164;?????? PONTOON 21 SapShad 65F SR 65mm, 6.25gr, 0.4-0.7m 222;;;;2;4571115350978;8;;294
???????;14165;?????? PONTOON 21 SapShad 65F SR 65mm, 6.25gr, 0.4-0.7m R51;;;;2;4571115350992;8;;294
???????;14166;?????? PONTOON 21 Loco Perrito 65DW 65mm, 837;;;;2;4571115338334;8,7;;320
???????;14167;?????? PONTOON 21 Loco Perrito 65DW 65mm, 830;;;;1;4571115338235;8,7;;320
???????;14168;?????? PONTOON 21 Loco Perrito 65DW 65mm, 853;;;;1;4571115338259;8,7;;320
???????;14169;?????? PONTOON 21 CrackJack 48SP 48mm, 3.2gr, 0.8-1.2m;;;;2;4571115310484;6,5;;239
???????;14170;?????? PONTOON 21 CrackJack 48F 48mm, 3.1gr, 0.8-1.0m A62;;;;1;4571115354396;6,5;;239
???????;14171;?????? PONTOON 21 CrackJack 48F 48mm, 3.1gr, 0.8-1.0m A15;;;;1;4571115354389;6,5;;239
???????;14172;?????? PONTOON 21 CrackJack 48F 48mm, 3.1gr, 0.8-1.0m 111;;;;1;4571115310231;6,5;;239
???????;14173;?????? PONTOON 21 Alter-Idem 36SP 36mm, 2.2gr, 0.6-1.0m SR 921;;;;4;4571115329646;6,2;;228
???????;14174;?????? PONTOON 21 Cheerful 34F 34mm, 1.6gr, 0.6-1.0m 042;;;;1;4571115332677;6,15;;226
???????;14175;?????? PONTOON 21 Cheerful 34F 34mm, 1.6gr, 0.6-1.0m 070;;;;1;4571115354679;6,15;;226
???????;14176;?????? PONTOON 21 Greedy-Guts 44F-MDR 44mm, 2.3gr, 0.8-1.0m 417;;;;1;4571115332349;6,7;;247
???????;14177;?????? PONTOON 21 Greedy-Guts 44F-MDR 44mm, 2.3gr, 0.8-1.0m 407;;;;1;4571115332332;6,7;;247
???????;14178;?????? PONTOON 21 Greedy-Guts 44F-MDR 44mm, 2.3gr, 0.8-1.0m 430;;;;1;4571115332363;6,7;;247
???????;14179;?????? Pontoon 21 HYPNOSE 38F-SR 38mm, 3.7g, 0.3-0.7m  R10;;;;1;4571115309389;6,15;;226
???????;14180;?????? PONTOON 21 BullyBoo 45F-SR ???????, 45mm, 241;;;;1;4571115356185;6,35;;234
???????;14181;?????? PONTOON 21 Greedy-Guts 55F-MDR 55mm, 4.1gr, 1.2-1.5m 435;;;;1;4571115324665;6,7;;247
???????;14182;?????? PONTOON 21 Greedy-Guts 55F-MDR 55mm, 4.1gr, 1.2-1.5m 430;;;;1;4571115324627;6,7;;247
???????;14184;?????? PONTOON 21 Greedy-Guts 66F-MDR 66mm, 7gr, 1.5-2m 435;;;;1;4571115314475;6,7;;247
???????;14185;?????? PONTOON 21 Mojarrilla 40F MR 40mm, 3.4gr, 1.0-1.4m 902;;;;1;4571115334848;6,75;;248
???????;14186;?????? PONTOON 21 Mojarrilla 40F MR 40mm, 3.4gr, 1.0-1.4m 907;;;;1;4571115334732;6,75;;248
???????;14187;?????? Kosadaka Host XS 70F HT;;;;1;4921775556461;4;;147
???????;14188;?????? Kosadaka Host XS 70F CNT;;;;1;4921775556430;4;;147
???????;14189;?????? Kosadaka Host XS 70F MHT;;;;2;4921775556478;4;;147
???????;14190;?????? Kosadaka Host XS 70F PSSH;;;;2;4921775556515;4;;147
???????;14191;?????? Kosadaka Host XS 70F PC;;;;1;4921775556492;4;;147
???????;14192;?????? Kosadaka Host XS 70F NT;;;;1;4921775556485;4;;147
???????;14193;?????? Kosadaka Host XS 70F SBL;;;;1;4921775556522;4;;147
???????;14194;?????? Kosadaka Host XS 70F GTR;;;;2;4921775556454;4;;147
???????;14195;?????? Kosadaka Host XS 70F GT;;;;2;4921775556447;4;;147
???????;14196;?????? Kosadaka Mirage X5 85F GTR;;;;2;4921775556553;4,5;;167
???????;14197;?????? Kosadaka Mirage X5 85F GT;;;;3;4921775556546;4,5;;167
???????;14198;?????? Kosadaka Mirage X5 85F CNT;;;;2;4921775556539;4,5;;167
???????;14199;?????? Kosadaka Mirage X5 85F NT;;;;1;4921775556584;4,5;;167
???????;14200;?????? Kosadaka Mirage X5 85F PSSH;;;;1;4921775556614;4,5;;167
???????;14201;?????? Kosadaka Meta XS 95F GT;;;;2;4921775556744;4,5;;167
???????;14202;?????? Kosadaka Meta XS 95F GTR;;;;2;4921775556751;4,5;;167
???????;14203;?????? Kosadaka Meta XS 95F CNT;;;;1;4921775556737;4,5;;167
???????;14205;?????? Kosadaka Meta XS 65F PSSH;;;;2;4921775537842;4;;147
???????;14206;?????? Kosadaka Meta XS 65F CNT;;;;2;4921775537767;4;;147
???????;14207;?????? Kosadaka Meta XS 65F GTR;;;;2;4921775552012;4;;147
???????;14208;?????? Kosadaka Meta XS 65F PC;;;;3;4921775537835;4;;147
???????;14209;?????? Kosadaka Ultima XS 90F GT;;;;1;4921775554290;4;;147
???????;14210;?????? Kosadaka Ultima XS 90F CNT;;;;1;4921775554283;4;;147
???????;14211;?????? Kosadaka Ultima XS 90F PSSH;;;;1;4921775554368;4;;147
???????;14212;?????? Kosadaka Ultima XS 90F PNT;;;;1;4921775554351;4;;147
???????;14213;?????? Kosadaka Ultima XS 90F SBL;;;;1;4921775554375;4;;147
???????;14214;?????? Kosadaka Boxer XS 40F GT;;;;2;4921775534216;4;;147
???????;14215;?????? Kosadaka Boxer XS 40F GTR;;;;2;4921775551619;4;;147
???????;14216;?????? Kosadaka Boxer XS 40F MHT;;;;2;4921775534230;4;;147
???????;14218;?????? Kosadaka ION XS 130F GTR;;;;2;4921775554207;4;;147
???????;14219;?????? Kosadaka ION XS 130F CNT;;;;2;4921775554184;4;;147
???????;14220;?????? Kosadaka ION XS 110F NT;;;;1;4921775554139;4;;147
???????;14221;?????? Kosadaka ION XS 110F GTR;;;;1;4921775554108;4;;147
???????;14222;?????? Kosadaka ION XS 110F GT;;;;1;4921775554092;4;;147
???????;14223;?????? Kosadaka ION XS 110F PSSH;;;;1;4921775554160;4;;147
???????;14224;?????? Kosadaka ION XS 70F GTR;;;;1;4921775551459;4;;147
???????;14225;?????? Kosadaka ION XS 70F SBL;;;;1;4921775534513;4;;147
???????;14226;?????? Kosadaka ION XS 70F CNT;;;;1;4921775534476;4;;147
???????;14227;?????? Kosadaka ION XS 55F PNT;;;;1;4921775551404;4;;147
???????;14228;?????? Kosadaka FLASH XS 130F GTR;;;;2;4921775558250;4,5;;166
???????;14229;?????? Kosadaka FLASH XS 130F PSSH;;;;2;4921775558311;4,5;;166
???????;14230;?????? Kosadaka FLASH XS 130F MHT;;;;1;4921775558274;4,5;;166
???????;14231;?????? Kosadaka FLASH XS 110F PC;;;;2;4921775558397;4,5;;166
???????;14232;?????? Kosadaka FLASH XS 110F SBL;;;;2;4921775558427;4,5;;166
???????;14233;?????? Kosadaka FLASH XS 110F CNT;;;;2;4921775558335;4,5;;166
???????;14234;?????? Kosadaka FLASH XS 110F PNT;;;;2;4921775558403;4,5;;166
???????;14235;?????? Kosadaka VOLT XS 85F NT;;;;1;4921775558083;4;;147
???????;14236;?????? Kosadaka VOLT XS 85F GTR;;;;1;4921775558052;4;;147
???????;14237;?????? Kosadaka VOLT XS 85F CNT;;;;1;4921775558038;4;;147
???????;14238;?????? Kosadaka VOLT XS 85F GT;;;;1;4921775558045;4;;147
???????;14239;?????? Kosadaka VOLT XS 70F PSSH;;;;1;4921775558212;4;;147
???????;14240;?????? Kosadaka VOLT XS 70F MHT;;;;1;4921775558175;4;;147
???????;14241;?????? Kosadaka VOLT XS 70F NT;;;;1;4921775558182;4;;147
???????;14242;?????? Kosadaka Gravity XS 55S NT;;;;1;4921775557383;4;;147
???????;14243;?????? Kosadaka Gravity XS 55S GTR;;;;1;4921775557352;4;;147
???????;14244;?????? Kosadaka Gravity XS 55S PNT;;;;1;4921775557406;4;;147
???????;14245;?????? Kosadaka Gravity XS 55S CNT;;;;1;4921775557338;4;;147
???????;14246;?????? Kosadaka Gravity XS 55S GT;;;;1;4921775557345;4;;147
???????;14247;?????? Kosadaka Gravity XS 55S SBL;;;;1;4921775557420;4;;147
???????;14248;?????? Kosadaka VOX popper 50 MHT;;;;1;4921775554016;4;;147
???????;14249;?????? Kosadaka VOX popper 50 PSSH;;;;1;4921775554047;4;;147
???????;14250;?????? Kosadaka VOX popper 50 NT;;;;1;4921775554023;4;;147
???????;14251;?????? Kosadaka VOX popper 50 GTR;;;;1;4921775554061;4;;147
???????;14252;?????? Kosadaka VOX popper 50 CNT;;;;1;4921775553989;4;;147
???????;14253;?????? Kosadaka DECOY XS 75F MHT;;;;2;4921775558571;4,5;;166
???????;14254;?????? Kosadaka DECOY XS 75F GT;;;;1;4921775558540;4,5;;166
???????;14255;?????? Kosadaka DECOY XS 75F NT;;;;1;4921775558588;4,5;;166
???????;14256;?????? Kosadaka DECOY XS 75F GTR;;;;1;4921775558557;4,5;;166
???????;14257;?????? Kosadaka CORD-R XS 90F GT;;;;1;4921775554894;4,5;;166
???????;14258;?????? Kosadaka CORD-R XS 90F SBL;;;;1;4921775554979;4,5;;166
???????;14259;?????? Kosadaka CORD-R XS 90F PC;;;;2;4921775554948;4,5;;166
???????;14260;?????? Kosadaka TAKAO 70 PNT;;;;1;4921775554559;4,5;;166
???????;14261;?????? Kosadaka TAKAO 70 GTR;;;;2;4921775554504;4,5;;166
???????;14262;?????? Kosadaka TAKAO 70 SBL;;;;1;4921775554573;4,5;;166
???????;14263;?????? Kosadaka TAKAO 70 GT;;;;2;4921775554498;4,5;;166
???????;14264;?????? Kosadaka TAKAO 70 MHT;;;;2;4921775554528;4,5;;166
???????;14265;?????? Kosadaka TAKAO 70 HT;;;;1;4921775554511;4,5;;166
???????;14266;?????? Kosadaka TAKAO 55 MHT;;;;3;4921775554627;4,5;;166
???????;14267;?????? Kosadaka TAKAO 55 CNT;;;;1;4921775554580;4,5;;166
???????;14268;?????? Kosadaka TAKAO 55 GT;;;;2;4921775554597;4,5;;166
???????;14269;?????? Kosadaka TAKAO 55 GTR;;;;3;4921775554603;4,5;;166
???????;14270;?????? Kosadaka COSTA XS 60F MHT;;;;1;4921775557475;4;;147
???????;14271;?????? Kosadaka COSTA XS 60F GTR;;;;1;4921775557451;4;;147
???????;14272;?????? Kosadaka COSTA XS 60F PC;;;;1;4921775557499;4;;147
???????;14273;?????? Kosadaka COSTA XS 60F GT;;;;1;4921775557444;4;;147
???????;14274;?????? Kosadaka COSTA XS 60F PSSH;;;;1;4921775557512;4;;147
???????;14275;?????? Kosadaka GLIDE 70 MHT;;;;1;4921775554825;4;;147
???????;14276;?????? Kosadaka GLIDE 70 GT;;;;1;4921775554795;4;;147
???????;14277;?????? Kosadaka GLIDE 70 GTR;;;;1;4921775554801;4;;147
???????;14278;?????? Kosadaka GLIDE 70 CNT;;;;1;4921775554788;4;;147
???????;14279;?????? Kosadaka MAMBA XD 50F HT;;;;1;4921775534063;4;;147
???????;14280;?????? Kosadaka MAMBA XD 50F CNT;;;;1;4921775534056;4;;147
???????;14281;?????? Kosadaka INBORN XS 60F GT;;;;2;4921775553095;4;;147
???????;14282;?????? Kosadaka INBORN XS 60F GTR;;;;2;4921775553163;4;;147
???????;14283;?????? Kosadaka INBORN XS 60F MHT;;;;2;4921775553118;4;;147
???????;14284;?????? Kosadaka INBORN XS 75F NT;;;;1;4921775553026;4;;147
???????;14285;?????? Kosadaka INBORN XS 75F GTR;;;;1;4921775553064;4;;147
???????;14286;?????? Kosadaka INBORN XS 75F GT;;;;1;4921775552999;4;;147
???????;14287;?????? Kosadaka INBORN XS 75F CNT;;;;3;4921775552982;4;;147
???????;14288;?????? Kosadaka MASCOT XS 80F MHT;;;;1;4921775536814;4;;147
???????;14289;?????? Kosadaka MASCOT XS 80F NT;;;;2;4921775536821;4;;147
???????;14290;?????? Kosadaka MASCOT XS 80F SBL;;;;2;4921775536852;4;;147
???????;14292;?????? Kosadaka MYSTIC XS 95F PSSH;;;;2;4921775537941;4;;147
???????;14293;?????? Kosadaka MYSTIC XS 95F GTR;;;;2;4921775552036;4;;147
???????;14294;?????? Kosadaka MYSTIC XS 95F CNT;;;;1;4921775537866;4;;147
???????;14295;?????? Kosadaka VOX popper 60 CNT;;;;2;4921775553880;4;;147
???????;14296;?????? Kosadaka VOX popper 60 PNT;;;;1;4921775553972;4;;147
???????;14297;?????? Kosadaka VOX popper 60 PC;;;;1;4921775553934;4;;147
???????;14298;?????? Kosadaka VOX popper 60 GT;;;;1;4921775553897;4;;147
???????;14299;?????? Smith Camion SR 32mm 2,5g 20 F;;;;1;4511474126463;11,16;;456
???????;14300;?????? Smith Camion SR 32mm 2,5g 05 F;;;;1;4511474102337;8,82;;368
???????;14301;?????? Smith Camion SR 32mm 2,5g 30 F;;;;1;4511474149394;8,37;;342
???????;14302;?????? Smith Camion Magnum SSR 36mm 3,3g 55 F;;;;1;2000000143026;10,98;;449
???????;14303;?????? Smith Camion Magnum SR 36mm 3,1g 01 F;;;;1;4511474142586;10,98;;449
???????;14304;?????? Smith Camion Magnum SSR 36mm 3,3g 06 F;;;;1;4511474132631;10,98;;449
???????;14305;?????? Smith Camion DR 32mm 2,7g 31 F;;;;2;4511474149462;8,1;;298
???????;14306;?????? Smith Camion DR 32mm 2,7g 06 F;;;;1;4511474104980;8,1;;298
???????;14307;?????? Smith Camion DR 32mm 2,7g 22 F;;;;1;4511474126531;8,1;;298
???????;14308;?????? Smith Camion DR 32mm 2,7g 23 F;;;;1;4511474126548;8,1;;298
???????;14309;?????? Smith Camion DR 32mm 2,7g 03 F;;;;1;4511474104959;8,1;;298
???????;14310;?????? Smith Camion DR 32mm 2,7g 35 F;;;;2;4511474161389;8,1;;298
???????;14311;?????? Smith Camion DR 32mm 2,7g 29 F;;;;2;4511474149448;8,1;;298
???????;14312;?????? Smith Camion DR 32mm 2,7g 19 F;;;;2;4511474126500;8,1;;298
???????;14313;?????? Smith Camion DR 32mm 2,7g 28 F;;;;2;4511474142562;8,1;;298
???????;14314;?????? Smith Camion DR 32mm 2,7g 05 F;;;;2;4511474104973;8,1;;298
???????;14315;?????? Smith Camion DR 32mm 2,7g 30 F;;;;2;4511474149455;8,1;;298
???????;14316;?????? Smith Camion DR 32mm 2,7g 02 F;;;;1;4511474104942;8,1;;298
???????;14317;?????? Smith Camion Magnum SR 36mm 3,1g 695 F;;;;1;2216650357014;10,98;;449
???????;14318;?????? Smith Camion Magnum SR 36mm 3,1g 680 F;;;;1;2216650330017;10,98;;449
???????;14319;?????? Smith Camion Magnum SR 36mm 3,1g 691 F;;;;2;2000000143194;10,98;;449
???????;14320;?????? Smith Camion Magnum SR 36mm 3,1g 01 F;;;;1;4511474135137;10,98;;449
???????;14321;?????? Smith Camion Magnum SR 36mm 3,1g 09 F;;;;1;4511474135212;10,98;;449
???????;14322;?????? Smith Camion SR 32mm 2,5g 36 F;;;;1;4511474161334;9;;368
???????;14323;?????? Smith Camion SR 32mm 2,5g 22 F;;;;1;4511474126487;8,82;;361
???????;14325;?????? Megabass Griffon MR-X 45F 7.3?? gg gill;;;;1;4513473271236;15,81;;470
???????;14326;?????? Megabass Griffon MR-X 45F 7.3?? gg bass;;;;1;4513473026355;15,81;;470
???????;14327;?????? Megabass Griffon MR-X 45F 7.3?? gg chart bac bass;;;;1;4513473271342;15,81;;470
???????;14328;?????? Megabass Griffon SR-X 45F 7.0?? gg bass;;;;1;4513473019326;15,81;;470
???????;14329;?????? Megabass Griffon SR-X 45F 7.0?? gp pro blue II;;;;1;4513473259425;15,81;;470
???????;14330;?????? Megabass Griffon SR-X 45F 7.0?? table rock sp;;;;1;4513473257674;15,81;;470
???????;14331;?????? Megabass X-30 33F 1.2?? gg kingyo;;;;1;4513473013287;13;;410
???????;14332;?????? Megabass X-30 33F 1.2?? nc all-red;;;;1;4513473209574;13;;410
???????;14333;?????? Megabass X-30 33F 1.2?? mat-co-chart;;;;1;4513473029769;13;;410
???????;14334;?????? Megabass X-30 33F 1.2?? m orange-gold;;;;1;4513473209437;13;;410
???????;14335;?????? Megabass shading X-55 55SSP 3.0?? GLX SUNSHINE GILL;;;;1;4513473332142;15,81;;470
???????;14336;?????? Megabass shading X-55 55SSP 3.0?? MAT SHINKO;;;;1;4513473332135;15,81;;470
???????;14337;?????? Megabass Baby Griffon 38F 5.25?? pm ayu;;;;1;4513473204289;15,81;;470
???????;14338;?????? Megabass Live-X Smolt 48SP 3.5?? pm chiayu;;;;1;4513473029127;14;;410
???????;14339;?????? Megabass Live-X Smolt 48SP 3.5?? gg bass;;;;1;2000000143392;14;;410
???????;14341;?????? Usami Nishin 65SP-SR 7?, URO3, 0,8?;;;;1;2500000008078;3,6;;147
???????;14342;?????? Usami Nishin 65SP-SR 7?, 354, 0,8?;;;;1;2500000008016;3,6;;147
???????;14343;?????? Usami Nishin 65SP-SR 7?, 565, 0,8?;;;;1;2500000007989;3,6;;147
???????;14344;?????? Usami Nishin 65SP-SR 7?, UR11, 0,8?;;;;1;2500000008092;3,6;;147
???????;14345;?????? Usami Daiba 40S 3,7??, 019UV , sinking;;;;2;2500000013034;3,6;;147
???????;14346;?????? Usami Daiba 40S 3,7??, 565, sinking;;;;2;2500000013089;3,6;;147
???????;14347;?????? Usami KAMA 70SP-MR 10,1??, 105, 1?;;;;1;2500000012204;3,96;;162
???????;14348;?????? Usami KAMA 70SP-MR 10,1??, Ur03, 1?;;;;1;2500000012242;3,96;;162
???????;14349;?????? Usami KAMA 70SP-MR 10,1??, 486, 1?;;;;1;2500000012280;3,96;;162
???????;14350;?????? Usami Shirasu 38SP- SR 2,6?, UR10, 0,3?;;;;1;2500000003790;3,42;;140
???????;14351;?????? Usami Shirasu 38SP- SR 2,6?, UR09, 0,3?;;;;1;2500000009419;3,42;;140
???????;14352;?????? Usami Shirasu 38SP- SR 2,6?, 574, 0,3?;;;;1;2500000003820;3,42;;140
???????;14353;?????? Usami Kabu 25S-SR 2,6??, 336UV, 0,5?;;;;1;2500000011894;3,15;;129
???????;14354;?????? Usami Kabu 25S-SR 2,6??, 567, 0,5?;;;;1;2500000009822;3,15;;129
???????;14355;?????? Usami Kabu 25S-SR 2,6??, 593, 0,5?;;;;1;2500000009884;3,15;;129
???????;14356;"?????? Usami Datsu 50F-DR 2.9?, UR02, 0.8-1?	";;;;2;2500000000799;3,06;;125
???????;14357;?????? Usami Datsu 50F-DR 2.9?, 106, 0.8-1?;;;;2;2500000000768;3,06;;125
???????;14358;"?????? Usami Datsu 50F-DR 2.9?, 450, 0.8-1?	";;;;1;2500000000690;3,06;;125
???????;14359;?????? Usami Enpitsu 53DW 2,6??, 447, topwater;;;;1;2500000011191;3,6;;147
???????;14360;?????? Usami Enpitsu 53DW 2,6??, 119UV, topwater;;;;1;2500000011856;3,6;;147
???????;14361;?????? Usami Enpitsu 53DW 2,6??, 458UV, topwater;;;;1;2500000011849;3,6;;147
???????;14362;?????? Usami Shirasu 58F- SR 5,1?, UR06, 0,8?;;;;1;2500000008757;3,24;;133
???????;14363;?????? Usami Purin 38F-SR 3,9?, UR12, 0,5?;;;;1;2500000010026;3,42;;140
???????;14364;?????? Usami Tobikera 40F-MR 3,3?, UR09, 1,5?;;;;1;2500000008665;3,06;;125
???????;14365;?????? Usami Tobikera 40F-MR 3,3?, UR10, 1,5?;;;;1;2500000003042;3,06;;125
???????;14366;?????? Usami Tesuta 55SS-SR 4,7?, UR11, sinking;;;;1;2500000008573;3,33;;136
???????;14367;"?????? Usami Tesuta 55SS-SR 4,7?, 345, sinking	";;;;1;2500000008542;3,33;;136
???????;14368;?????? Usami Shirasu 58SP- SR 5,2?, UR10, 0,8?;;;;1;2500000008870;3,51;;144
???????;14369;?????? Usami Shirasu 58SP- SR 5,2?, 450, 0,8?;;;;1;2500000008795;3,51;;144
???????;14370;?????? Usami Sukeru 60SP-MR 5,1?, 565, 1,5?;;;;2;2500000010163;3,33;;136
???????;14371;"?????? Usami Jir 110SP-SR 12,5??, UR 11, 0,7?	";;;;1;2500000013362;5,04;;206
???????;14372;?????? Usami Jir 110SP-SR 12,5??, 565, 0,7?;;;;1;2500000013317;5,04;;206
???????;14373;?????? Maria MC Wake 38F 38mm 4g VGG;;;;1;4510001525861;5,58;;228
???????;14374;?????? Maria MC Wake 38F 38mm 4g CRG;;;;1;4510001525786;5,58;;228
???????;14376;?????? Maria MC-1 SS38F 38mm 4,2g BGM F 0,3-0,8m;;;;1;4510001509816;6,21;;254
???????;14377;"?????? Maria MC-1 S38F 38mm 4,2g BBH F 1,5m	";;;;1;4510001497533;5,76;;236
???????;14378;?????? Maria MC-1 S38F 38mm 4,2g GBOH F 1,5m;;;;1;4510001494891;5,76;;236
???????;14379;"?????? Maria MC-1 S38F 38mm 4,2g HTM F 1,5m	";;;;1;4510001497571;5,76;;236
???????;14380;?????? Maria MP-1 55F 55mm 5g CTM;;;;1;4510001523751;5,58;;228
???????;14381;?????? Maria MP-1 55F 55mm 5g BBOM F;;;;1;4510001503135;5,58;;228
???????;14382;?????? Maria MP-1 55F 55mm 5g WSG F;;;;1;4510001503258;5,58;;228
???????;14383;?????? Flint;;;;10;2000000143835;1,84;;68
???????;14384;?????? Spinner;;;;10;2000000143842;1,63;;60
???????;14385;?????? EOS;;;;15;2000000143859;1,35;;50
???????;14386;?????? Gold Star;;;;13;2000000143866;0,54;;25