Ãðóïà òîâàð³â;Êîä;Íàçâàíèå;;;;Çàëèøîê;?òðèõ êîä;Öåíà çàêóïêè;;Ðîçíè÷íàÿ öåíà (UAH)
Âîáëåðû;13208;GS Íàáîð Predator (2ïîâîäêà,4 âîáëåðà â êîðîáêå);;;;1;5999018287969;3,32;;137
Âîáëåðû;13251;Áàëàíñèð EOS;;;;51;2000000132518;1,33;;49
Âîáëåðû;13505;Âîáëåð Jackall Tiny Fry 50SP 50ìì 2,7ã HL Gold&Black;;;;4;4525807020649;8,01;;327
Âîáëåðû;13506;Âîáëåð Jackall Tiny Fry 50SP 50ìì 2,7ã Suji Shrimp;;;;3;4525807050141;8,01;;327
Âîáëåðû;13507;Âîáëåð Jackall Tiny Fry 50SP 50ìì 2,7ã Mat Tiger Suspending;;;;3;4525807030778;8,01;;327
Âîáëåðû;13508;Âîáëåð Jackall Tiny Fry 50SP 50ìì 2,7ã HL Fry Suspending;;;;4;4525807050158;8,01;;327
Âîáëåðû;13509;Âîáëåð Jackall Tiny Fry 50SP 50ìì 2,7ã HL Wakasagi Suspending;;;;4;4525807054149;8,01;;327
Âîáëåðû;13510;Âîáëåð Jackall Tiny Fry 50SP 50ìì 2,7ã HL Silver&Black Suspending;;;;4;4525807052831;8,01;;327
Âîáëåðû;13511;Âîáëåð Jackall Tiny Fry 50SP 50ìì 2,7ã Ghost AYU Suspending;;;;4;4525807054156;8,01;;327
Âîáëåðû;13512;Âîáëåð Jackall Flat Fly 50SP 50ìì 2,3ã Mat Tiger Sinking;;;;1;4525807047639;6,66;;272
Âîáëåðû;13513;Âîáëåð Jackall Flat Fly 50SP 50ìì 2,3ã HL Silver&Black Suspending;;;;1;4525807059663;6,66;;272
Âîáëåðû;13514;Âîáëåð Jackall Flat Fly 50SP 50ìì 2,3ã Ghost AYU Suspending;;;;1;4525807059649;6,66;;272
Âîáëåðû;13515;Âîáëåð Jackall Diving Chubby 38ìì 4,3ã HL Black;;;;1;4525807078930;8,19;;335
Âîáëåðû;13516;Âîáëåð Jackall Diving Chubby 38ìì 4,3ã Ghost Purple;;;;1;4525807078947;8,19;;335
Âîáëåðû;13517;Âîáëåð Jackall Diving Chubby 38ìì 4,3ã Brown Suji Shrimp;;;;1;4525807029024;8,19;;335
Âîáëåðû;13518;Âîáëåð Jackall Diving Chubby 38ìì 4,3ã Ghost Wakasagi;;;;1;4525807028898;8,19;;335
Âîáëåðû;13519;Âîáëåð Jackall Diving Chubby 38ìì 4,3ã Mat Black;;;;1;4525807078909;8,19;;335
Âîáëåðû;13520;Âîáëåð Jackall Diving Chubby 38ìì 4,3ã Mat Tiger Floating;;;;1;4525807028874;8,19;;335
Âîáëåðû;13521;Âîáëåð Jackall Cherry Zero Footer 48 48ìì 7,6ã Pellet Yellow Floating;;;;1;4525807078794;8,55;;350
Âîáëåðû;13533;Âîáëåð Jackall Cherry Zero Footer 56 56ìì 11ã HL Ayu Floating;;;;2;4525807038972;8,96;;366
Âîáëåðû;13555;Âîáëåð Jackall PANICRA MR SUKECHA PURPLE 32mm 3.3g;;;;1;4560212121437;7,74;;316
Âîáëåðû;13534;Âîáëåð Jackall Mud Sucker 90mm 8.2g NF HASU;;;;1;4525807034240;6,84;;280
Âîáëåðû;13535;Âîáëåð Jackall Mud Sucker 90mm 8.2g Oikawa;;;;1;4525807013917;6,84;;280
Âîáëåðû;13556;Âîáëåð Jackall PANICRA MR MIST PELLET 32mm 3.3g;;;;1;4560212121482;7,74;;316
Âîáëåðû;13536;Âîáëåð Jackall D Cherry 55 55ìì 11,2ã HL AYU Floating;;;;1;4525807032260;9,09;;372
Âîáëåðû;13537;Âîáëåð Jackall D Cherry 55 55ìì 11,2ã Blue black tiger Floating;;;;1;4525807009156;9,09;;372
Âîáëåðû;13557;"Âîáëåð Jackall PANICRA MR IS GREEN GOLD 32mm 3.3g	";;;;1;4560212126104;7,74;;316
Âîáëåðû;13538;Âîáëåð Jackall D Cherry 55 55ìì 11,2ã Chrome tiger Floating;;;;1;4525807032307;9,09;;372
Âîáëåðû;13559;"Âîáëåð Jackall PANICRA MR GONTY GLOW 32mm 3.3g	";;;;1;4560212122977;7,74;;316
Âîáëåðû;13539;Âîáëåð Jackall Turbine 70 70ìì 12.6ã Noike gill Floating;;;;4;4525807041361;9,9;;404
Âîáëåðû;13540;Âîáëåð Jackall MITTS F OLIVE 28mm 1.5g;;;;1;4560212114392;5,58;;228
Âîáëåðû;13560;Âîáëåð Jackall PANICRA MR GONTY OAK 32mm 3.3g;;;;1;4560212125541;7,74;;316
Âîáëåðû;13541;Âîáëåð Jackall MITTS S OLIVE 28mm 1.8g;;;;1;4560212113807;5,58;;228
Âîáëåðû;13542;Âîáëåð Jackall MITTS S GREEN GOLD 28mm 1.8g;;;;1;4560212113845;5,58;;228
Âîáëåðû;13561;Âîáëåð Jackall Seiraminnow 55S 2.0ãð hl wakasagi*;;;;1;4525807051889;8,51;;313
Âîáëåðû;13543;Âîáëåð Jackall MITTS S LIGHT BROWN 28mm 1.8g;;;;1;4560212113883;5,58;;228
Âîáëåðû;13544;Âîáëåð Jackall MITTS S MIST PELLET 28mm 1.8g;;;;1;4560212121789;5,58;;228
Âîáëåðû;13562;Âîáëåð Jackall Seiraminnow 55S 2.0ãð shirasu*;;;;1;4525807051841;8,51;;313
Âîáëåðû;13545;Âîáëåð Jackall MITTS SR-S OLIVE 28mm 1.8g;;;;1;4560212115757;5,58;;228
Âîáëåðû;13546;Âîáëåð Jackall MITTS SR-S MIST PELLET 28mm 1.8g;;;;1;4582418080806;5,58;;228
Âîáëåðû;13547;Âîáëåð Jackall MITTS SR-S SMOKE PELLET 28mm 1.8g;;;;1;4582418080813;5,58;;228
Âîáëåðû;13548;Âîáëåð Jackall MITTS SR-S SMOKE BROWN 28mm 1.8g;;;;1;4582418080820;5,58;;228
Âîáëåðû;13549;Âîáëåð Jackall TRICOROLL 55SP SILVER YAMAME 55mm 3.5g;;;;1;4560212111261;6,3;;258
Âîáëåðû;13550;Âîáëåð Jackall TRICOROLL 55SP GOLD AYU 55mm 3.5g;;;;1;4560212111278;6,48;;265
Âîáëåðû;13564;Âîáëåð Jackall Seiraminnow 55S 2.0ãð koayu*;;;;1;4525807051827;8,51;;313
Âîáëåðû;13551;Âîáëåð Jackall TRICOROLL 55SP AMETHYST 55mm 3.5g;;;;2;4582418080752;6,48;;265
Âîáëåðû;13552;Âîáëåð Jackall TRICOROLL 55SP SILVER YAMAME 55mm 3.5g;;;;1;4560212111261;6,48;;265
Âîáëåðû;13565;Âîáëåð Jackall Seiraminnow 55S 2.0ãð oikawa*;;;;1;4525807051865;8,51;;313
Âîáëåðû;13553;Âîáëåð Jackall TRICOROLL 55HW Pink YAMAME 55mm 3.5g;;;;1;4560212120980;6,48;;265
Âîáëåðû;13554;Âîáëåð Jackall TRICOROLL 55S White & Black YAMAME 55mm 3.5g;;;;1;4560212111339;6,48;;265
Âîáëåðû;13566;Âîáëåð Jackall Seiraminnow 55S 2.0ãð chart back pearl*;;;;1;4525807051834;8,51;;313
Âîáëåðû;13567;Âîáëåð Jackall Seiraminnow 55S 2.0ãð cotton shad*;;;;1;4525807051902;8,51;;313
Âîáëåðû;13568;Âîáëåð Jackall Squadshad 65SP 7.2ãð spawn tiger;;;;2;4525807039894;10,1;;372
Âîáëåðû;13569;Âîáëåð Jackall Squadshad 65SP 7.2ãð noike gill;;;;2;4525807039900;10,1;;372
Âîáëåðû;13570;Âîáëåð Jackall Squadshad 65SP 7.2ãð brown suji shrimp;;;;4;4525807039924;10,1;;372
Âîáëåðû;13571;Âîáëåð Jackall Squadshad 65SP 7.2ãð ghost G perch;;;;2;4525807067378;10,1;;372
Âîáëåðû;13572;Âîáëåð Jackall Squadshad 65SP 7.2ãð koayu;;;;4;4525807039863;10,1;;372
Âîáëåðû;13573;Âîáëåð Jackall Squadshad 65SP 7.2ãð oikawa;;;;2;4525807039856;10,1;;372
Âîáëåðû;13574;Âîáëåð Jackall Squadshad 65SP 7.2ãð hl bronze blue pike;;;;2;4525807067361;10,1;;372
Âîáëåðû;13575;Âîáëåð Jackall Squadshad 65SP 7.2ãð hl silver & black;;;;3;4525807044607;10,1;;372
Âîáëåðû;13576;Âîáëåð Jackall Squadshad 65SP 7.2ãð hl gold & black;;;;2;4525807039917;10,1;;372
Âîáëåðû;13577;Âîáëåð Jackall Squadshad 65SP 7.2ãð ghost ayu;;;;2;4525807039849;10,1;;372
Âîáëåðû;13578;Âîáëåð Jackall MIDIA 53F LASER AYU 55mm 2.8g;;;;2;4560212113487;6,48;;265
Âîáëåðû;13580;Âîáëåð FLAGMAN WASP 40F C18 3.5g 1.5-2.2m F;;;;1;2000016403015;2,46;;91
Âîáëåðû;13581;Âîáëåð FLAGMAN WASP 40F A35 3.5g 1.5-2.2m F;;;;4;2000016401011;2,46;;91
Âîáëåðû;13582;Âîáëåð FLAGMAN HOUSE CRANCK 45F A82 5gr 0-0,8 m;;;;2;2000018384015;2,58;;95
Âîáëåðû;13583;Âîáëåð FLAGMAN HOUSE CRANCK 45F C20 5gr 0-0,8 m;;;;3;2000018382011;2,58;;95
Âîáëåðû;13584;Âîáëåð FLAGMAN HOUSE CRANCK 45F A07 4.1gr 0-0,5 m;;;;1;2000016334012;2,58;;95
Âîáëåðû;13585;Âîáëåð FLAGMAN HOUSE CRANCK 45F M46 5gr 0-0,8 m;;;;1;2000018385012;2,58;;95
Âîáëåðû;13586;Âîáëåð FLAGMAN HOUSE CRANCK 45F F18 5gr 0-0,8 m;;;;2;2000018383018;2,58;;95
Âîáëåðû;13587;Âîáëåð FLAGMAN H-Cranck 60ìì 11ã 0-1m F S03;;;;2;2000016270013;2,41;;89
Âîáëåðû;13588;Âîáëåð FLAGMAN H-Cranck 60ìì 11ã 0-1m F B13;;;;2;2000016271010;2,41;;89
Âîáëåðû;13589;Âîáëåð FLAGMAN H-Cranck 60ìì 11ã 0-1m F M06;;;;2;2000015026017;2,41;;89
Âîáëåðû;13590;Âîáëåð FLAGMAN H-Cranck 60ìì 11ã 0-1m F M15;;;;2;2000015023016;2,41;;89
Âîáëåðû;13591;Âîáëåð FLAGMAN H-Cranck 60ìì 11ã 0-1m F 301;;;;2;2000015024013;2,41;;89
Âîáëåðû;13592;Âîáëåð FLAGMAN H-Cranck 60ìì 11ã 0-1m F A22;;;;2;2000015027014;2,41;;89
Âîáëåðû;13593;Âîáëåð FLAGMAN BUBLE CRANK 55F S03 8.8g 0-0.5m F;;;;3;2000016328011;2,46;;91
Âîáëåðû;13594;Âîáëåð FLAGMAN BUBLE CRANK 55F C18 8.8g 0-0.5m F;;;;2;2000016326017;2,46;;91
Âîáëåðû;13595;Âîáëåð FLAGMAN BUBLE CRANK 55F C08 8.8g 0-0.5m F;;;;1;2000016325010;2,46;;91
Âîáëåðû;13596;Âîáëåð FLAGMAN BUBLE CRANK 55F C20 8.8g 0-0.5m F;;;;1;2000016327014;2,46;;91
Âîáëåðû;13597;Âîáëåð FLAGMAN BUBLE CRANK 55F B30 8.8g 0-0.5m F;;;;1;2000016324013;2,46;;91
Âîáëåðû;13598;Âîáëåð FLAGMAN BUBLE CRANK 55F B13 8.8g 0-0.5m F;;;;3;2000016323016;2,46;;91
Âîáëåðû;13599;Âîáëåð FLAGMAN Pike Hunter 50ìì 7,6ã 0-1,5m F êîë³ð F06;;;;3;2000000135991;2,41;;89
Âîáëåðû;13600;Âîáëåð FLAGMAN Pike Hunter 50ìì 7,6ã 0-1,5m F êîë³ð Ñ06;;;;3;2000015010016;2,41;;89
Âîáëåðû;13601;Âîáëåð FLAGMAN Pike Hunter 50ìì 7,6ã 0-1,5m F öâåò M32;;;;3;2000016263015;2,41;;89
Âîáëåðû;13602;Âîáëåð FLAGMAN Pike Hunter 50ìì 7,6ã 0-1,5m F êîë³ð S61;;;;2;2000015011013;2,41;;89
Âîáëåðû;13603;Âîáëåð FLAGMAN Pike Hunter 50ìì 7,6ã 0-1,5m F öâåò M39;;;;2;2000016264012;2,41;;89
Âîáëåðû;13604;Âîáëåð FLAGMAN Pike Hunter 50ìì 7,6ã 0-1,5m F êîë³ð A22;;;;2;2000015013017;2,41;;89
Âîáëåðû;13605;Âîáëåð FLAGMAN BULLET 45F C02 9080;;;;3;2000016332018;2,46;;91
Âîáëåðû;13606;Âîáëåð FLAGMAN BULLET 45F S03 9080;;;;3;2000016333015;2,46;;91
Âîáëåðû;13607;Âîáëåð FLAGMAN BULLET 45F A40 9080;;;;2;2000016330014;2,46;;91
Âîáëåðû;13608;Âîáëåð FLAGMAN Massive 50ìì 9ã 0-1,2m F êîë³ð L17;;;;3;2000015019019;2,37;;87
Âîáëåðû;13609;Âîáëåð FLAGMAN Big-JT 75ìì 17ã 2-5m F êîë³ð A22;;;;2;2000015042017;2,87;;106
Âîáëåðû;13610;Âîáëåð FLAGMAN Big-JT 75ìì 17ã 2-5m F êîë³ð  S13;;;;2;2000015043014;2,87;;106
Âîáëåðû;13611;Âîáëåð FLAGMAN Big-JT 75ìì 17ã 2-5m F êîë³ð 301;;;;2;2000015041010;2,87;;106
Âîáëåðû;13612;Âîáëåð FLAGMAN Big-JT 75ìì 17ã 2-5m F öâåò E02;;;;1;2000016279016;2,87;;106
Âîáëåðû;13613;Âîáëåð FLAGMAN THUNDER MINNOW 80F C18 6gr 0-1m;;;;1;2000018370018;2,69;;99
Âîáëåðû;13614;Âîáëåð FLAGMAN FUROR MINNOW 80F S29 10g 0-1m F;;;;1;2000016348019;2,63;;97
Âîáëåðû;13615;Âîáëåð FLAGMAN PENCIL 80 SF C08 8.5g surface;;;;2;2000016360011;2,57;;95
Âîáëåðû;13616;Âîáëåð FLAGMAN PENCIL 80 SF C02 8.5g surface;;;;2;2000016359015;2,57;;95
Âîáëåðû;13617;Âîáëåð FLAGMAN H-minnow 80ìì 10ã 0-1.5m F öâåò C02;;;;2;2000016280012;2,58;;95
Âîáëåðû;13618;Âîáëåð FLAGMAN H-minnow 80ìì 10ã 0-1.5m F êîë³ð A40;;;;2;2000015050012;2,58;;95
Âîáëåðû;13619;Âîáëåð FLAGMAN H-minnow 80ìì 10ã 0-1.5m F êîë³ð G1;;;;1;2000015046015;2,58;;95
Âîáëåðû;13620;Âîáëåð FLAGMAN RAPTOR 100VS WH003 47g VS;;;;2;2000016376012;3,5;;129
Âîáëåðû;13621;Âîáëåð FLAGMAN RAPTOR 100VS WH013 47g VS;;;;1;2000016377019;3,5;;129
Âîáëåðû;13622;Âîáëåð FLAGMAN RAPTOR 100VS WH028 47g VS;;;;2;2000016379013;3,5;;129
Âîáëåðû;13623;Âîáëåð FLAGMAN RAPTOR 100VS WH021 47g VS;;;;3;2000016378016;3,5;;129
Âîáëåðû;13624;Âîáëåð FLAGMAN B-PIKE 120F M39 20g 0-1.5m F;;;;2;2000016317015;3,15;;116
Âîáëåðû;13625;Âîáëåð FLAGMAN B-PIKE 120F M48 20g 0-1.5m F;;;;1;2000016318012;3,15;;116
Âîáëåðû;13626;Âîáëåð FLAGMAN B-PIKE 120F S56 20g 0-1.5m F;;;;1;2000016322019;3,15;;116
Âîáëåðû;13627;Âîáëåð FLAGMAN FLEXI PERCH 120S 300 31g 0-0.5m S;;;;1;2000016339017;5,05;;186
Âîáëåðû;13628;Âîáëåð FLAGMAN FLEXI PERCH 120S S23 31g 0-0.5m S;;;;1;2000016342017;5,05;;186
Âîáëåðû;13629;Âîáëåð FLAGMAN JERK MINNOW 100F C08 16g 0-1.5m F;;;;1;2000016351019;2,73;;100
Âîáëåðû;13630;Âîáëåð FLAGMAN JERK MINNOW 100F S03 16g 0-1.5m F;;;;1;2000016352016;2,73;;100
Âîáëåðû;13631;Âîáëåð FLAGMAN FUROR MINNOW 80F M32 10g 0-1m F;;;;2;2000016347012;2,63;;97
Âîáëåðû;13632;Âîáëåð Jaxon  HOLO SELECT TINGO 5,0cm KZ 170;;;;3;5900113222229;3,12;;115
Âîáëåðû;13633;Âîáëåð Jaxon  HOLO SELECT TINGO 5,0cm FTR 170;;;;5;5900113277649;3,12;;115
Âîáëåðû;13634;Âîáëåð Jaxon  HOLO SELECT TINGO 5,0cm FOM 170;;;;5;5900113247727;3,12;;115
Âîáëåðû;13635;Âîáëåð Jaxon  HOLO SELECT TINGO 5,0cm FON 170;;;;4;5900113247734;3,12;;115
Âîáëåðû;13636;Âîáëåð Jaxon  HOLO SELECT TINGO 5,0cm FOG 170;;;;4;5900113363083;3,12;;115
Âîáëåðû;13637;Âîáëåð Jaxon  HOLO SELECT TINGO 5,0cm FGFT 170;;;;5;5900113197084;3,12;;115
Âîáëåðû;13638;Âîáëåð Jaxon  HOLO SELECT TINGO 5,0cm FOB 170;;;;5;5900113197091;3,12;;115
Âîáëåðû;13639;Âîáëåð Jaxon  HOLO SELECT TINGO 5,0cm FNL 170;;;;5;5900113350762;3,12;;115
Âîáëåðû;13640;Âîáëåð Jaxon  HOLO SELECT TINGO 5,0cm FSL 170;;;;4;5900113350779;3,12;;115
Âîáëåðû;13641;Âîáëåð Jaxon  HOLO SELECT TINGO 3,0cm FP 170;;;;2;5900113196933;2,9;;107
Âîáëåðû;13642;Âîáëåð Jaxon  HOLO SELECT TINGO 3,0cm FKZ 170;;;;2;5900113222038;2,9;;107
Âîáëåðû;13643;Âîáëåð Jaxon  HOLO SELECT TINGO 3,0cm FOC 170;;;;5;5900113196926;2,9;;107
Âîáëåðû;13644;Âîáëåð Jaxon  HOLO SELECT KARAS (Êàðàñü) LIMITED EDITION 5,5cm FRT 179;;;;4;5900113291904;4;;147
Âîáëåðû;13646;Âîáëåð Jaxon  HOLO SELECT KARAS (Êàðàñü) LIMITED EDITION 5,5cm FDA 179;;;;1;5900113291867;4;;147
Âîáëåðû;13647;Âîáëåð Jaxon  HOLO SELECT KARAS (Êàðàñü) LIMITED EDITION 5,5cm FLA 179;;;;5;5900113291881;4;;147
Âîáëåðû;13648;Âîáëåð Strike Pro Mustang Minnow 35S 1.6ãð MG-015(A09);;;;6;4712511889314;3,52;;130
Âîáëåðû;13649;Âîáëåð Strike Pro Mustang Minnow 35S 1.6ãð MG-015(A55S);;;;4;4712511889338;3,52;;130
Âîáëåðû;13650;Âîáëåð Strike Pro Mustang Minnow 35S 1.6ãð MG-015(327F);;;;5;4712511889253;3,52;;130
Âîáëåðû;13651;Âîáëåð Strike Pro Mustang Minnow 35S 1.6ãð MG-015(C30);;;;5;4712511889345;3,52;;130
Âîáëåðû;13652;Âîáëåð Strike Pro Mustang Minnow 35S 1.6ãð MG-015(274T);;;;7;4712511889260;3,52;;130
Âîáëåðû;13653;Âîáëåð Strike Pro Mustang Minnow 35S 1.6ãð MG-015(266-713);;;;4;4712511889246;3,52;;130
Âîáëåðû;13654;Âîáëåð Strike Pro Mustang Minnow 35S 1.6ãð MG-015(610T);;;;4;4711667566261;3,52;;130
Âîáëåðû;13655;Âîáëåð Strike Pro Mustang Minnow 35S 1.6ãð MG-015(402);;;;5;4712511889277;3,52;;130
Âîáëåðû;13656;Âîáëåð Strike Pro Mustang Minnow 35S 1.6ãð MG-015(A06E);;;;3;4712511889291;3,52;;130
Âîáëåðû;13657;Âîáëåð Strike Pro Mustang Minnow 35S 1.6ãð MG-015(A17);;;;5;4712511889321;3,52;;130
Âîáëåðû;13658;Âîáëåð Strike Pro Supersonic joint 50F 6.1ãð EG-081AJ(C30)*;;;;2;4712511889109;2,37;;87
Âîáëåðû;13659;Âîáëåð Strike Pro Supersonic joint 50F 6.1ãð EG-081AJ(A06E)*;;;;3;4712511889055;2,37;;87
Âîáëåðû;13660;Âîáëåð Strike Pro Supersonic joint 50F 6.1ãð EG-081AJ(263)*;;;;2;4712511888997;2,37;;87
Âîáëåðû;13661;Âîáëåð Strike Pro Supersonic joint 50F 6.1ãð EG-081AJ(A09)*;;;;2;4712511889079;2,37;;87
Âîáëåðû;13662;Âîáëåð Strike Pro Supersonic joint 50F 6.1ãð EG-081AJ(402)*;;;;2;4712511889024;2,37;;87
Âîáëåðû;13663;Âîáëåð Strike Pro Supersonic joint 50F 6.1ãð EG-081AJ(274T)*;;;;1;4712511889017;2,37;;87
Âîáëåðû;13664;Âîáëåð Strike Pro Supersonic joint 50F 6.1ãð EG-081AJ(A010)*;;;;2;4712511889031;2,37;;87
Âîáëåðû;13665;Âîáëåð Strike Pro Supersonic joint 50F 6.1ãð EG-081AJ(A07E)*;;;;2;4712511889062;2,37;;87
Âîáëåðû;13666;Âîáëåð Strike Pro Supersonic joint 50F 6.1ãð EG-081AJ(A05)*;;;;2;4712511889048;2,37;;87
Âîáëåðû;13667;Âîáëåð Strike Pro Supersonic joint 50F 6.1ãð EG-081AJ(A55S)*;;;;2;4712511889093;2,37;;87
Âîáëåðû;13668;Âîáëåð Strike Pro Supersonic joint 50F 6.1ãð EG-081AJ(327F)*;;;;2;4712511889000;2,37;;87
Âîáëåðû;13669;Âîáëåð Strike Pro Silver Sprat 40S 2.0ãð EG-093JAL(A09)*;;;;1;4712702085570;1,77;;65
Âîáëåðû;13670;Âîáëåð Strike Pro Silver Sprat 40S 2.0ãð EG-093JAL(A05)*;;;;1;4712702085556;1,77;;65
Âîáëåðû;13671;Âîáëåð Strike Pro Silver Sprat 40S 2.0ãð EG-093JAL(096)*;;;;2;4712702085525;1,77;;65
Âîáëåðû;13672;Âîáëåð Strike Pro Silver Sprat 40S 2.0ãð EG-093JAL(374)*;;;;2;4712702085549;1,77;;65
Âîáëåðû;13673;Âîáëåð Strike Pro Silver Sprat 40S 2.0ãð EG-093JAL(IM-01)*;;;;2;4712702085594;1,77;;65
Âîáëåðû;13674;Âîáëåð Strike Pro Baby Pro 25F 2.0ãð EG-036F(A09);;;;2;4711161822429;3,07;;113
Âîáëåðû;13675;Âîáëåð Strike Pro Baby Pro 25F 2.0ãð EG-036F(A17);;;;1;4711161853577;3,07;;113
Âîáëåðû;13676;Âîáëåð Strike Pro Baby Pro 25F 2.0ãð EG-036F(046);;;;2;4711021983864;3,07;;113
Âîáëåðû;13677;Âîáëåð Strike Pro Baby Pro 25F 2.0ãð EG-036F(500G);;;;3;4712511856446;3,07;;113
Âîáëåðû;13678;Âîáëåð Strike Pro Baby Pro 25F 2.0ãð EG-036F(613T);;;;1;4712702091359;3,07;;113
Âîáëåðû;13679;Âîáëåð Strike Pro Baby Pro 25F 2.0ãð EG-036F(022PT);;;;4;4711161822399;3,07;;113
Âîáëåðû;13680;Âîáëåð Strike Pro Crankee Bass 60F 6.6ãð SH-003BA(500G);;;;2;4712511861839;3,54;;130
Âîáëåðû;13681;Âîáëåð Strike Pro Crankee Bass 60F 6.6ãð SH-003BA(612T);;;;2;4711667566469;3,54;;130
Âîáëåðû;13682;Âîáëåð Strike Pro Crankee Bass 60F 6.6ãð SH-003BA(624T);;;;2;4712702069815;3,54;;130
Âîáëåðû;13683;Âîáëåð Strike Pro Crankee Bass 60F 6.6ãð SH-003BA(A05);;;;2;4712511861853;3,54;;130
Âîáëåðû;13684;Âîáëåð Strike Pro Hippocampus 40F 3.0ãð EG-088(IM-01)*;;;;1;4711161855892;1,73;;64
Âîáëåðû;13685;Âîáëåð Strike Pro Warted Toad 45F 5.5ãð EG-097A(647G);;;;1;4712511855722;3,07;;113
Âîáëåðû;13686;Âîáëåð Strike Pro Warted Toad 45F 5.5ãð EG-097A(A010);;;;2;4711161856448;3,07;;113
Âîáëåðû;13687;Âîáëåð Strike Pro Warted Toad 45F 5.5ãð EG-097A(096SA);;;;4;4711161856431;3,07;;113
Âîáëåðû;13688;Âîáëåð Strike Pro Warted Toad 45F 5.5ãð EG-097A(A06E);;;;5;4711161856479;3,07;;113
Âîáëåðû;13689;Âîáëåð EOS Crank 9073 50ìì 8,5ãð. HA11 Floating (øò.);;;;1;2000000136899;2,51;;93
Âîáëåðû;13690;Âîáëåð EOS Crank 9073 50ìì 8,5ãð. HC11 Floating (øò.);;;;1;2000000136905;2,51;;93
Âîáëåðû;13691;Âîáëåð TTEBO;;;;2;123456789012;1,3;;50
Âîáëåðû;13692;Âîáëåð Tuohai;;;;8;2000000136929;1,35;;50
Âîáëåðû;13693;Âîáëåð Attack DUGGY S, 45 ìì, 3,2 ã;;;;17;2000000136936;0,98;;45
Âîáëåðû;13694;Âîáëåð Attack DUGGY L, 80 ìì, 7,0 ã;;;;17;2000000136943;0,98;;50
Âîáëåðû;13695;Âîáëåð Kang Xin;;;;53;2000000136950;0,67;;25
Âîáëåðû;13696;Âîáëåð JAXON ATRACT XTR-O 5.0cm H;;;;4;5900113338999;1,94;;75
Âîáëåðû;13697;Âîáëåð JAXON ATRACT XTR-O 5.0cm A;;;;4;5900113338920;1,94;;75
Âîáëåðû;13698;Âîáëåð JAXON ATRACT XTR-O 5.0cm C;;;;3;5900113338944;1,94;;75
Âîáëåðû;13699;Âîáëåð JAXON ATRACT XTR-O 5.0cm G;;;;4;5900113338982;1,94;;75
Âîáëåðû;13700;Âîáëåð JAXON ATRACT XTR-O 5.0cm F;;;;4;5900113338975;1,94;;75
Âîáëåðû;13701;Âîáëåð JAXON ATRACT XTR-O 5.0cm E;;;;5;5900113338968;1,94;;75
Âîáëåðû;13702;Âîáëåð JAXON ATRACT XTR-E 5cm E;;;;4;5900113354692;2,02;;75
Âîáëåðû;13703;Âîáëåð JAXON ATRACT XTR-E 5cm C;;;;5;5900113354678;2,02;;75
Âîáëåðû;13704;Âîáëåð JAXON ATRACT XTR-E 5cm F;;;;4;5900113354708;2,02;;75
Âîáëåðû;13705;Âîáëåð JAXON ATRACT XTR-E 5cm D;;;;5;5900113354685;2,02;;75
Âîáëåðû;13706;Âîáëåð JAXON ATRACT XTR-N 5.0cm A;;;;5;5900113307087;1,94;;75
Âîáëåðû;13707;Âîáëåð JAXON ATRACT XTR-N 5.0cm C;;;;3;5900113308190;1,94;;75
Âîáëåðû;13708;Âîáëåð JAXON ATRACT XTR-N 5.0cm F;;;;4;5900113307131;1,94;;75
Âîáëåðû;13709;Âîáëåð JAXON ATRACT XTR-D 5cm F;;;;4;5900113294769;1,94;;75
Âîáëåðû;13710;Âîáëåð JAXON ATRACT XTR-D 5cm G;;;;3;5900113294776;1,94;;75
Âîáëåðû;13711;Âîáëåð JAXON ATRACT XTR-D 5cm E;;;;3;5900113294752;1,94;;75
Âîáëåðû;13712;Âîáëåð JAXON ATRACT XTR-D 5cm C;;;;4;5900113294738;1,94;;75
Âîáëåðû;13713;Âîáëåð JAXON ATRACT XTR-J 6cm D;;;;3;5900113306547;2,02;;75
Âîáëåðû;13714;Âîáëåð JAXON ATRACT XTR-J 6cm B;;;;4;5900113306523;2,02;;75
Âîáëåðû;13715;Âîáëåð JAXON ATRACT XTR-J 6cm C;;;;3;5900113306530;2,02;;75
Âîáëåðû;13716;Âîáëåð JAXON ATRACT XTR-N 4.0cm D;;;;3;5900113307056;1,86;;75
Âîáëåðû;13717;Âîáëåð JAXON ATRACT XTR-N 4.0cm E;;;;1;5900113307063;1,86;;75
Âîáëåðû;13718;Âîáëåð JAXON ATRACT XTR-A 3.5cm C;;;;5;5900113294523;1,68;;75
Âîáëåðû;13719;Âîáëåð JAXON ATRACT XTR-A 3.5cm F;;;;2;5900113295476;1,68;;75
Âîáëåðû;13720;Âîáëåð JAXON ATRACT XTR-A 3.5cm F;;;;1;5900113294547;1,68;;75
Âîáëåðû;13721;Âîáëåð JAXON ATRACT XTR-C 4.5cm H;;;;1;5900113294967;1,76;;75
Âîáëåðû;13723;Âîáëåð Jaxon  HOLO SELECT KARAS (Êàðàñü)  6cm FRH 179;;;;1;5900113151116;4;;147
Âîáëåðû;13724;Âîáëåð TOP WATER -  PE SSV - PE -  320;;;;4;2000000105963;5,76;;212
Âîáëåðû;13725;Âîáëåð TOP WATER -  PE SSV - PE -  322;;;;4;2000000105987;5,76;;212
Âîáëåðû;13726;Âîáëåð TOP WATER -  PE SSV - PE -  010;;;;4;2000000105925;5,76;;212
Âîáëåðû;13727;Âîáëåð TOP WATER -  PE SSV - PE -  321A;;;;4;2000000105956;5,76;;212
Âîáëåðû;13728;Âîáëåð TOP WATER -  PE SSV - PE -  316;;;;4;2000000105970;5,76;;212
Âîáëåðû;13729;Âîáëåð TOP WATER -  PE SSV - PE -  301;;;;4;2000000105932;5,76;;212
Âîáëåðû;13730;Âîáëåð TOP WATER -  PE SSV - PE -  315;;;;4;2000000105949;5,76;;212
Âîáëåðû;13731;Âîáëåð Triumph Pro-75 SSV-TP75 DD-11 FL/1-1.8m/13g/70mm;;;;4;2302000020667;4,9;;180
Âîáëåðû;13732;Âîáëåð Triumph Pro-75 SSV-TP75 DD-22 FL/1-1.8m/13g/70mm;;;;4;2302000020841;4,9;;180
Âîáëåðû;13733;Âîáëåð Triumph Pro-75 SSV-TP75 DD-24 FL/1-1.8m/13g/70mm;;;;4;2302000020872;4,9;;180
Âîáëåðû;13734;Âîáëåð Triumph Pro-75 SSV-TP75 DD-10 FL/1-1.8m/13g/70mm;;;;4;2302000020643;4,9;;180
Âîáëåðû;13735;Âîáëåð Triumph Pro-75 SSV-TP75 DD-13 FL/1-1.8m/13g/70mm;;;;4;2302000020698;4,9;;180
Âîáëåðû;13736;Âîáëåð Triumph Pro-75/20 SSV-TP75/20 DD-24 FL/0.9-1.5m/14g/95mm;;;;4;2302000021183;5,84;;215
Âîáëåðû;13737;Âîáëåð Triumph Pro-75/20 SSV-TP75/20 DD-13 FL/0.9-1.5m/14g/95mm;;;;4;2302000020988;5,84;;215
Âîáëåðû;13738;Âîáëåð Triumph Pro-75/20 SSV-TP75/20 DD-11 FL/0.9-1.5m/14g/95mm;;;;4;2302000020940;5,84;;215
Âîáëåðû;13739;Âîáëåð Triumph Pro-75/20 SSV-TP75/20 DD-22 FL/0.9-1.5m/14g/95mm;;;;3;2302000021145;5,84;;215
Âîáëåðû;13740;Âîáëåð Reflex Pro SSV-REP DD-11 FL/1.2-1.8m/9.5g/80mm;;;;3;2302000020001;4,61;;170
Âîáëåðû;13741;Âîáëåð IMPULS SSV-IP DD - 14 FL/0.4-0.8m/8g/90mm;;;;3;2000000105543;4,35;;160
Âîáëåðû;13742;Âîáëåð IMPULS SSV-IP DD - 17 FL/0.4-0.8m/8g/90mm;;;;5;2000000105567;4,35;;160
Âîáëåðû;13743;Âîáëåð IMPULS SSV-IP DD - 12 FL/0.4-0.8m/8g/90mm;;;;3;2000000107639;4,35;;160
Âîáëåðû;13744;Âîáëåð IMPULS SSV-IP DD - 20 FL/0.4-0.8m/8g/90mm;;;;3;2000000105598;4,35;;160
Âîáëåðû;13745;Âîáëåð Silver Stream SSV-ST DD-19 FL/0-0.2m/11g/80mm;;;;4;2000000105345;4,2;;155
Âîáëåðû;13746;Âîáëåð Silver Stream SSV-ST DD-17 FL/0-0.2m/11g/80mm;;;;5;2000000105321;4,2;;155
Âîáëåðû;13747;Âîáëåð Silver Stream SSV-ST DD-15 FL/0-0.2m/11g/80mm;;;;5;2000000105314;4,2;;155
Âîáëåðû;13748;Âîáëåð Silver Stream SSV-ST DD-10 FL/0-0.2m/11g/80mm;;;;5;2000000105284;4,2;;155
Âîáëåðû;13749;Âîáëåð Silver Stream SSV-ST DD-11 FL/0-0.2m/11g/80mm;;;;4;2000000105291;4,2;;155
Âîáëåðû;13750;Âîáëåð Silver Stream SSV-ST DD-14 FL/0-0.2m/11g/80mm;;;;6;2000000105307;4,2;;155
Âîáëåðû;13751;Âîáëåð Silver Stream SSV-ST DD-24 FL/0-0.2m/11g/80mm;;;;3;2000000116327;4,2;;155
Âîáëåðû;13752;Âîáëåð Triumph Pro SSV-TP DD-11 FL/0.7-1.2m/5g/50mm;;;;2;2000000096476;3,6;;135
Âîáëåðû;13753;Âîáëåð Triumph Pro SSV-TP DD-10 FL/0.7-1.2m/5g/50mm;;;;2;2000000096469;3,6;;135
Âîáëåðû;13754;Âîáëåð Triumph Pro SSV-TP DD-15 FL/0.7-1.2m/5g/50mm;;;;5;2000000096513;3,6;;135
Âîáëåðû;13755;Âîáëåð Triumph Pro SSV-TP DD-16 FL/0.7-1.2m/5g/50mm;;;;2;2000000096520;3,6;;135
Âîáëåðû;13756;Âîáëåð Triumph Pro SSV-TP DD-12 FL/0.7-1.2m/5g/50mm;;;;2;2000000096483;3,6;;135
Âîáëåðû;13757;Âîáëåð Triumph Pro SSV-TP DD-14 FL/0.7-1.2m/5g/50mm;;;;1;2000000096506;3,6;;135
Âîáëåðû;13758;Âîáëåð Triumph Pro SSV-TP DD-13 FL/0.7-1.2m/5g/50mm;;;;1;2000000096490;3,6;;135
Âîáëåðû;13759;Âîáëåð Triumph Pro SSV-TP DD-24 FL/0.7-1.2m/5g/50mm;;;;4;2000000116358;3,6;;135
Âîáëåðû;13760;Âîáëåð Triumph Pro SSV-TP DD-17 FL/0.7-1.2m/5g/50mm;;;;3;2000000104645;3,6;;135
Âîáëåðû;13761;Âîáëåð Triumph Pro SSV-TP DD-10 FL/0.7-1.2m/5g/50mm;;;;3;2000000096469;3,6;;135
Âîáëåðû;13762;Âîáëåð Triumph Pro SSV-TP DD-20 FL/0.7-1.2m/5g/50mm;;;;2;2000000104676;3,6;;135
Âîáëåðû;13763;Âîáëåð Triumph Pro SSV-TP DD-19 FL/0.7-1.2m/5g/50mm;;;;4;2000000104669;3,6;;135
Âîáëåðû;13764;Âîáëåð Combek B SSV-CB DD-17 FL/0.4-1.0m/4g/50mm;;;;4;2000000105642;3,9;;144
Âîáëåðû;13765;Âîáëåð Combek B SSV-CB DD-12 FL/0.4-1.0m/4g/50mm;;;;2;2000000107424;3,9;;144
Âîáëåðû;13766;Âîáëåð Combek B SSV-CB DD-15 FL/0.4-1.0m/4g/50mm;;;;3;2000000105635;3,9;;144
Âîáëåðû;13768;Âîáëåð Combek B SSV-CB DD-21 FL/0.4-1.0m/4g/50mm;;;;3;2000000107455;3,9;;144
Âîáëåðû;13769;Âîáëåð Combek B SSV-CB DD-13 FL/0.4-1.0m/4g/50mm;;;;2;2000000107431;3,9;;144
Âîáëåðû;13770;Âîáëåð Combek B SSV-CB DD-10 FL/0.4-1.0m/4g/50mm;;;;2;2000000105604;3,9;;144
Âîáëåðû;13771;Âîáëåð Combek B SSV-CB DD-14 FL/0.4-1.0m/4g/50mm;;;;1;2000000105628;3,9;;144
Âîáëåðû;13772;Âîáëåð Combek B SSV-CB DD-22 FL/0.4-1.0m/4g/50mm;;;;3;2000000108032;3,9;;144
Âîáëåðû;13773;Âîáëåð Combek B SSV-CB DD-19 FL/0.4-1.0m/4g/50mm;;;;2;2000000105666;3,9;;144
Âîáëåðû;13774;Âîáëåð Silver Creek-Z SSV-SC-Z DD-15 FL/1.2m/4.5g/40mm;;;;2;2000000096308;3,82;;141
Âîáëåðû;13775;Âîáëåð GOLAVL  PRO SSV-GP DD - 12 SI/0.6-3m/5g/45mm;;;;1;2000000096209;3,82;;141
Âîáëåðû;13776;Âîáëåð GOLAVL  PRO SSV-GP DD - 16 SI/0.6-3m/5g/45mm;;;;1;2000000096247;3,82;;141
Âîáëåðû;13777;Âîáëåð GOLAVL  PRO SSV-GP DD - 21 SI/0.6-3m/5g/45mm;;;;1;2000000107585;3,82;;141
Âîáëåðû;13778;Âîáëåð GOLAVL  PRO SSV-GP DD - 14 SI/0.6-3m/5g/45mm;;;;1;2000000137780;3,82;;141
Âîáëåðû;13779;Âîáëåð Silver Creek-B SSV-SC-B DD-11 FL/1.2m/6g/45mm;;;;2;2000000137797;3,96;;146
Âîáëåðû;13780;Âîáëåð Silver Creek-B SSV-SC-B DD-14 FL/1.2m/6g/45mm;;;;3;2000000105383;3,96;;146
Âîáëåðû;13781;Âîáëåð Silver Creek-B SSV-SC-B DD-22 FL/1.2m/6g/45mm;;;;4;2000000137810;3,96;;146
Âîáëåðû;13782;Âîáëåð Silver Creek-B SSV-SC-B DD-17 FL/1.2m/6g/45mm;;;;4;2000000105406;3,96;;146
Âîáëåðû;13783;Âîáëåð Silver Creek-B SSV-SC-B DD-18 FL/1.2m/6g/45mm;;;;6;2000000105413;3,96;;146
Âîáëåðû;13784;Âîáëåð Silver Creek-B SSV-SC-B DD-20 FL/1.2m/6g/45mm;;;;5;2000000105437;3,96;;146
Âîáëåðû;13785;Âîáëåð Silver Creek-B SSV-SC-B DD-23 FL/1.2m/6g/45mm;;;;4;2000000108148;3,96;;146
Âîáëåðû;13786;Âîáëåð Silver Creek-B SSV-SC-B DD-12 FL/1.2m/6g/45mm;;;;2;2000000137865;3,96;;146
Âîáëåðû;13787;Âîáëåð Silver Creek-B SSV-SC-B DD-15 FL/1.2m/6g/45mm;;;;3;2000000105390;3,96;;146
Âîáëåðû;13788;Âîáëåð Silver Creek-B SSV-SC-B DD-13 FL/1.2m/6g/45mm;;;;7;2000000137889;3,96;;146
Âîáëåðû;13789;Âîáëåð VULCAN SSV-VU DD - 24 FL/1.2-1.6m/5g/45mm;;;;2;2000000137896;4,35;;160
Âîáëåðû;13790;Âîáëåð VULCAN SSV-VU DD - 17 FL/1.2-1.6m/5g/45mm;;;;7;2000000105888;4,35;;160
Âîáëåðû;13791;Âîáëåð VULCAN SSV-VU DD - 14 FL/1.2-1.6m/5g/45mm;;;;3;2000000105864;4,35;;160
Âîáëåðû;13792;Âîáëåð VULCAN SSV-VU DD - 20 FL/1.2-1.6m/5g/45mm;;;;4;2000000137926;4,35;;160
Âîáëåðû;13793;Âîáëåð VULCAN SSV-VU DD - 10 FL/1.2-1.6m/5g/45mm;;;;9;2000000105840;4,35;;160
Âîáëåðû;13794;Âîáëåð VULCAN SSV-VU DD - 19 FL/1.2-1.6m/5g/45mm;;;;2;2000000137940;4,35;;160
Âîáëåðû;13795;Âîáëåð VULCAN SSV-VU DD - 22 FL/1.2-1.6m/5g/45mm;;;;7;2000000108025;4,35;;160
Âîáëåðû;13796;Âîáëåð GOLAVL  PRO SSV-GP  DD - 20 SI/0.6-3m/5g/45mm;;;;1;2000000137964;3,82;;140
Âîáëåðû;13797;Âîáëåð GOLAVL  PRO SSV-GP DD - 17 SI/0.6-3m/5g/45mm;;;;2;2000000137971;3,82;;140
Âîáëåðû;13798;Âîáëåð GOLAVL  PRO SSV-GP DD - 21 SI/0.6-3m/5g/45mm;;;;1;2000000137988;3,98;;140
Âîáëåðû;13799;Âîáëåð GOLAVL  PRO SSV-GP DD - 15 SI/0.6-3m/5g/45mm;;;;4;2000000096230;3,82;;140
Âîáëåðû;13800;Âîáëåð GOLAVL  PRO SSV-GP DD - 12 SI/0.6-3m/5g/45mm;;;;3;2000000138008;3,82;;140
Âîáëåðû;13801;Âîáëåð GOLAVL  PRO SSV-GP DD - 14 SI/0.6-3m/5g/45mm;;;;3;2000000096223;3,82;;140
Âîáëåðû;13802;Âîáëåð GOLAVL  PRO SSV-GP DD - 11 SI/0.6-3m/5g/45mm;;;;3;2000000096193;3,82;;140
Âîáëåðû;13803;Âîáëåð GOLAVL  PRO SSV-GP DD - 16 SI/0.6-3m/5g/45mm;;;;2;2000000138039;3,82;;140
Âîáëåðû;13804;Âîáëåð GOLAVL  PRO SSV-GP DD - 10 SI/0.6-3m/5g/45mm;;;;1;2000000096186;3,82;;140
Âîáëåðû;13805;Âîáëåð Silver Creek-B SSV-SC-B DD-19 FL/1.2m/6g/45mm;;;;4;2000000105420;3,96;;146
Âîáëåðû;13806;Âîáëåð VULCAN SSV-VU DD - 12 FL/1.2-1.6m/5g/45mm;;;;3;2000000138060;4,35;;160
Âîáëåðû;13807;Âîáëåð Silver Creek-Z SSV-SC-Z DD-18 FL/1.2m/4.5g/40mm;;;;1;2000000104539;382;;141
Âîáëåðû;13808;Âîáëåð SILVER  CREEK - 0  SSV-SC-0  DD - 21 FL/0.4m/4g/40mm;;;;1;2000000138084;4,22;;155
Âîáëåðû;13809;Âîáëåð Goblin  SSV-GB DD-12 FL/0.0-0.2m/8g/45mm;;;;3;2000000107530;3,8;;140
Âîáëåðû;13810;Âîáëåð Goblin  SSV-GB DD-15 FL/0.0-0.2m/8g/45mm;;;;3;2000000138107;3,8;;140
Âîáëåðû;13811;Âîáëåð Goblin  SSV-GB DD-11 FL/0.0-0.2m/8g/45mm;;;;3;2000000104973;3,8;;140
Âîáëåðû;13812;Âîáëåð Goblin  SSV-GB DD-18 FL/0.0-0.2m/8g/45mm;;;;2;2000000105017;3,8;;140
Âîáëåðû;13813;Âîáëåð Goblin  SSV-GB DD-13 FL/0.0-0.2m/8g/45mm;;;;2;2000000107547;3,8;;140
Âîáëåðû;13814;Âîáëåð Goblin  SSV-GB DD-10 FL/0.0-0.2m/8g/45mm;;;;3;2000000104966;3,8;;140
Âîáëåðû;13815;Âîáëåð Goblin  SSV-GB DD-17 FL/0.0-0.2m/8g/45mm;;;;2;2000000105000;3,8;;140
Âîáëåðû;13816;Âîáëåð Goblin  SSV-GB DD-20 FL/0.0-0.2m/8g/45mm;;;;1;2000000105031;3,8;;140
Âîáëåðû;13817;Âîáëåð Goblin  SSV-GB DD-14 FL/0.0-0.2m/8g/45mm;;;;1;2000000138176;3,8;;140
Âîáëåðû;13818;Âîáëåð Goblin  SSV-GB DD-23 FL/0.0-0.2m/8g/45mm;;;;2;2000000138183;3,8;;140
Âîáëåðû;13819;Âîáëåð SILVER  CREEK - 0  SSV-SC-0  DD - 19 FL/0.4m/4g/40mm;;;;2;2000000138190;4,22;;155
Âîáëåðû;13820;Âîáëåð SILVER  CREEK - 0  SSV-SC-0  DD - 15 FL/0.4m/4g/40mm;;;;2;2000000105475;4,22;;155
Âîáëåðû;13821;Âîáëåð SILVER  CREEK - 0  SSV-SC-0  DD - 23 FL/0.4m/4g/40mm;;;;4;2000000138213;4,22;;155
Âîáëåðû;13823;Âîáëåð SILVER  CREEK - 0  SSV-SC-0  DD - 24 FL/0.4m/4g/40mm;;;;1;2000000116310;4,22;;155
Âîáëåðû;13824;Âîáëåð SILVER  CREEK - 0  SSV-SC-0  DD - 11 FL/0.4m/4g/40mm;;;;1;2000000105451;4,22;;155
Âîáëåðû;13825;Âîáëåð SILVER  CREEK - 0  SSV-SC-0  DD - 10 FL/0.4m/4g/40mm;;;;6;2000000105444;4,22;;155
Âîáëåðû;13826;Âîáëåð MIG SSV-MI DD - 14 SI/1.2m/7g/65mm;;;;3;2000000105789;4,35;;160
Âîáëåðû;13827;Âîáëåð MIG SSV-MI DD - 10 SI/1.2m/7g/65mm;;;;2;2000000105765;4,35;;160
Âîáëåðû;13828;Âîáëåð MIG SSV-MI DD - 15 SI/1.2m/7g/65mm;;;;2;2000000105796;4,35;;160
Âîáëåðû;13829;Âîáëåð MIG SSV-MI DD - 23 SI/1.2m/7g/65mm;;;;1;2000000108117;4,35;;160
Âîáëåðû;13830;Âîáëåð MIG SSV-MI DD - 20 SI/1.2m/7g/65mm;;;;1;2000000105833;4,35;;160
Âîáëåðû;13832;Âîáëåð Vibrating-SR SSV-SR-06;;;;2;2000000097633;3,6;;132
Âîáëåðû;13833;Âîáëåð Vibrating-SR SSV-SR-01;;;;2;2000000097602;3,6;;132
Âîáëåðû;13834;Âîáëåð Vibrating-SR SSV-SR-09;;;;2;2000000097640;3,6;;132
Âîáëåðû;13835;Âîáëåð Vibrating-SR SSV-SR-04;;;;2;2000000097626;3,6;;132
Âîáëåðû;13836;Âîáëåð Vibrating-SR SSV-SR-32;;;;2;2000000097664;3,6;;132
Âîáëåðû;13837;Âîáëåð Vibrating-SR SSV-SR-03;;;;2;2000000097619;3,6;;132
Âîáëåðû;13838;Âîáëåð Uragan Pro SSV-UP DD-19 SP/1.6-3.2m/7g/60mm;;;;2;2000000104782;3,6;;132
Âîáëåðû;13839;Âîáëåð Uragan Pro SSV-UP DD-11 SP/1.6-3.2m/7g/60mm;;;;3;2000000096780;3,6;;132
Âîáëåðû;13840;Âîáëåð Uragan Pro SSV-UP DD-17 SP/1.6-3.2m/7g/60mm;;;;2;2000000104768;3,6;;132
Âîáëåðû;13841;Âîáëåð Uragan Pro SSV-UP DD-20 SP/1.6-3.2m/7g/60mm;;;;1;2000000104799;3,6;;132
Âîáëåðû;13842;Âîáëåð Uragan Pro SSV-UP DD-16 SP/1.6-3.2m/7g/60mm;;;;1;2000000096834;3,6;;132
Âîáëåðû;13843;Âîáëåð Uragan Pro SSV-UP DD-13 SP/1.6-3.2m/7g/60mm;;;;1;2000000096803;3,6;;132
Âîáëåðû;13844;Âîáëåð Uragan Pro SSV-UP DD-10 SP/1.6-3.2m/7g/60mm;;;;1;2000000096773;3,6;;132
Âîáëåðû;13845;Âîáëåð Uragan Pro SSV-UP DD-14 SP/1.6-3.2m/7g/60mm;;;;1;2000000096810;3,6;;132
Âîáëåðû;13847;Âîáëåð Combek S SSV-CS DD-17 SI/0.4-0.6m/3g/35mm;;;;5;2000000105727;3,6;;132
Âîáëåðû;13848;Âîáëåð Combek S SSV-CS DD-19 SI/0.4-0.6m/3g/35mm;;;;4;2000000105741;3,6;;132
Âîáëåðû;13849;Âîáëåð Combek S SSV-CS DD-15 SI/0.4-0.6m/3g/35mm;;;;4;2000000105710;3,6;;132
Âîáëåðû;13850;Âîáëåð Golavl S SSV-GS DD-11 SI/0.5-3m/3g/35mm;;;;3;2000000105055;3,6;;132
Âîáëåðû;13851;Âîáëåð Golavl S SSV-GS DD-20 SI/0.5-3m/3g/35mm;;;;2;2000000105116;3,6;;132
Âîáëåðû;13852;Âîáëåð Golavl S SSV-GS DD-21 SI/0.5-3m/3g/35mm;;;;1;2000000107622;3,6;;132
Âîáëåðû;13853;Âîáëåð Golavl S SSV-GS DD-10 SI/0.5-3m/3g/35mm;;;;1;2000000105048;3,6;;132
Âîáëåðû;13854;Âîáëåð Golavl S SSV-GS DD-17 SI/0.5-3m/3g/35mm;;;;1;2000000105086;3,6;;132
Âîáëåðû;13856;Âîáëåð Golavl S SSV-GS DD-33 SI/0.5-3m/3g/35mm;;;;1;2000000105093;3,6;;132
Âîáëåðû;13857;Âîáëåð Golavl S SSV-GS DD-19 SI/0.5-3m/3g/35mm;;;;3;2000000138572;3,6;;132
Âîáëåðû;13858;Âîáëåð Golavl S SSV-GS DD-15 SI/0.5-3m/3g/35mm;;;;4;2000000138589;3,6;;132
Âîáëåðû;13860;Âîáëåð DELFIN SSV-DF DD - 17  SI/0.6-1.2m/10g/70mm;;;;5;2000000104928;4,56;;168
Âîáëåðû;13861;Âîáëåð DELFIN SSV-DF DD - 18  SI/0.6-1.2m/10g/70mm;;;;3;2000000104935;4,56;;168
Âîáëåðû;13862;Âîáëåð DELFIN SSV-DF DD - 15  SI/0.6-1.2m/10g/70mm;;;;2;2000000104911;4,56;;168
Âîáëåðû;13863;Âîáëåð DELFIN SSV-DF DD - 12  SI/0.6-1.2m/10g/70mm;;;;4;2000000138633;4,56;;168
Âîáëåðû;13864;Âîáëåð DELFIN SSV-DF DD - 19  SI/0.6-1.2m/10g/70mm;;;;2;2000000138640;4,56;;168
Âîáëåðû;13865;Âîáëåð TSUNAMI  CRANK - 1SSV-TC1 DD - 11  FL/1.2m/8g/60mm;;;;1;2000000096544;3,96;;146
Âîáëåðû;13866;Âîáëåð TSUNAMI  CRANK - 1SSV-TC1 DD - 12  FL/1.2m/8g/60mm;;;;2;2000000096551;3,96;;146
Âîáëåðû;13867;Âîáëåð TSUNAMI  CRANK - 1SSV-TC1 DD - 24  FL/1.2m/8g/60mm;;;;3;2000000116365;3,96;;146
Âîáëåðû;13868;Âîáëåð TSUNAMI  CRANK - 1SSV-TC1 DD - 10  FL/1.2m/8g/60mm;;;;2;2000000096537;3,96;;146
Âîáëåðû;13869;Âîáëåð TSUNAMI  CRANK - 1SSV-TC1 DD - 17  FL/1.2m/8g/60mm;;;;2;2000000104683;3,96;;146
Âîáëåðû;13870;Âîáëåð TSUNAMI  CRANK - 1SSV-TC1 DD - 16  FL/1.2m/8g/60mm;;;;2;2000000096599;3,96;;146
Âîáëåðû;13871;Âîáëåð TSUNAMI  CRANK - 1SSV-TC1 DD - 19  FL/1.2m/8g/60mm;;;;2;2000000104706;3,96;;146
Âîáëåðû;13872;Âîáëåð TSUNAMI  CRANK - 1SSV-TC1 DD - 13  FL/1.2m/8g/60mm;;;;1;2000000096568;3,96;;146
Âîáëåðû;13873;Âîáëåð TSUNAMI  CRANK - 1SSV-TC1 DD - 18  FL/1.2m/8g/60mm;;;;3;2000000104690;3,96;;146
Âîáëåðû;13874;Âîáëåð TSUNAMI  CRANK - 1SSV-TC1 DD - 22  FL/1.2m/8g/60mm;;;;3;2000000138749;3,96;;146
Âîáëåðû;13875;Âîáëåð TSUNAMI  CRANK - 2  SSV-TC2  DD - 10 FL/1.8m/9g/60mm;;;;4;2000000096704;3,96;;146
Âîáëåðû;13876;Âîáëåð TSUNAMI  CRANK - 2  SSV-TC2  DD - 15 FL/1.8m/9g/60mm;;;;2;2000000096759;3,96;;146
Âîáëåðû;13877;Âîáëåð TSUNAMI  CRANK - 2  SSV-TC2  DD - 19 FL/1.8m/9g/60mm;;;;2;2000000104744;3,96;;146
Âîáëåðû;13878;Âîáëåð TSUNAMI  CRANK - 2  SSV-TC2  DD - 16 FL/1.8m/9g/60mm;;;;2;2000000096766;3,96;;146
Âîáëåðû;13879;Âîáëåð TSUNAMI  CRANK - 2  SSV-TC2  DD - 12 FL/1.8m/9g/60mm;;;;4;2000000096728;3,96;;146
Âîáëåðû;13880;Âîáëåð TSUNAMI  CRANK - 2  SSV-TC2  DD - 17 FL/1.8m/9g/60mm;;;;1;2000000104720;3,96;;146
Âîáëåðû;13881;Âîáëåð TSUNAMI  CRANK - 2  SSV-TC2  DD - 20 FL/1.8m/9g/60mm;;;;3;2000000104751;3,96;;146
Âîáëåðû;13882;Âîáëåð TSUNAMI  CRANK - 2  SSV-TC2  DD - 11 FL/1.8m/9g/60mm;;;;2;2000000096711;3,96;;146
Âîáëåðû;13883;Âîáëåð TSUNAMI  CRANK - 2  SSV-TC2  DD - 18 FL/1.8m/9g/60mm;;;;2;2000000104737;3,96;;146
Âîáëåðû;13884;Âîáëåð TSUNAMI  CRANK - 2  SSV-TC2  DD - 18 FL/1.8m/9g/60mm;;;;2;2000000138848;3,96;;146
Âîáëåðû;13885;Âîáëåð TSUNAMI  CRANK - 2  SSV-TC2  DD - 22 FL/1.8m/9g/60mm;;;;2;2000000138855;3,96;;146
Âîáëåðû;13886;Âîáëåð TSUNAMI  CRANK - 2  SSV-TC2  DD - 24 FL/1.8m/9g/60mm;;;;1;2000000138862;3,96;;146
Âîáëåðû;13887;Âîáëåð TAIFUN - 0   SSV-T-0 DD - 13  FL/0-0.2m/10g/65mm;;;;1;2000000096353;3,96;;146
Âîáëåðû;13888;Âîáëåð TAIFUN - 0   SSV-T-0 DD - 20  FL/0-0.2m/10g/65mm;;;;3;2000000104591;3,96;;146
Âîáëåðû;13889;Âîáëåð TAIFUN - 0   SSV-T-0 DD - 19  FL/0-0.2m/10g/65mm;;;;2;2000000104584;3,96;;146
Âîáëåðû;13890;Âîáëåð TAIFUN - 0   SSV-T-0 DD - 11  FL/0-0.2m/10g/65mm;;;;2;2000000096339;3,96;;146
Âîáëåðû;13891;Âîáëåð TAIFUN - 0   SSV-T-0 DD - 14  FL/0-0.2m/10g/65mm;;;;3;2000000096360;3,96;;146
Âîáëåðû;13892;Âîáëåð TAIFUN - 1 SSV-T-1 DD - 20  FL/1.2m/10g/65mm;;;;2;2000000104638;3,96;;146
Âîáëåðû;13893;Âîáëåð TAIFUN - 1 SSV-T-1 DD - 11  FL/1.2m/10g/65mm;;;;2;2000000096407;3,96;;146
Âîáëåðû;13894;Âîáëåð TAIFUN - 1 SSV-T-1 DD - 14  FL/1.2m/10g/65mm;;;;2;2000000096438;3,96;;146
Âîáëåðû;13895;Âîáëåð PIKE  S  SSV-PS  DD - 17   FL/0.0m/8g/65mm;;;;2;2000000105161;4,62;;170
Âîáëåðû;13896;Âîáëåð PIKE  S  SSV-PS  DD - 12   FL/0.0m/8g/65mm;;;;2;2000000138961;4,62;;170
Âîáëåðû;13897;Âîáëåð Minnow-M3S SSV-M3S-09;;;;2;2000000097428;3,6;;132
Âîáëåðû;13898;Âîáëåð Minnow-M3S SSV-M3S-03;;;;2;2000000097404;3,6;;132
Âîáëåðû;13899;Âîáëåð Minnow-M2S SSV-M2S-03;;;;2;2000000097251;3,6;;132
Âîáëåðû;13900;Âîáëåð AMULET  PRO SSV-AP DD - 16 FL/1.2 m/10g/60 mm;;;;10;2000000096179;3,96;;146
Âîáëåðû;13901;Âîáëåð AMULET  PRO SSV-AP DD - 24 FL/1.2 m/10g/60 mm;;;;8;2000000116235;3,96;;146
Âîáëåðû;13902;Âîáëåð AMULET  PRO SSV-AP DD - 10 FL/1.2 m/10g/60 mm;;;;10;2000000096117;3,96;;146
Âîáëåðû;13903;Âîáëåð AMULET  PRO SSV-AP DD - 13 FL/1.2 m/10g/60 mm;;;;8;2000000096148;3,96;;146
Âîáëåðû;13904;Âîáëåð AMULET  PRO SSV-AP DD - 15 FL/1.2 m/10g/60 mm;;;;10;2000000096162;3,96;;146
Âîáëåðû;13905;Âîáëåð AMULET  PRO SSV-AP DD - 25 FL/1.2 m/10g/60 mm;;;;10;2302000011658;3,96;;146
Âîáëåðû;13907;Âîáëåð AMULET  PRO SSV-AP DD - 17 FL/1.2 m/10g/60 mm;;;;10;2000000139074;3,96;;146
Âîáëåðû;13908;Âîáëåð AMULET  PRO SSV-AP DD - 18 FL/1.2 m/10g/60 mm;;;;10;2000000139081;3,96;;146
Âîáëåðû;13909;Âîáëåð AMULET  PRO SSV-AP DD - 20 FL/1.2 m/10g/60 mm;;;;10;2000000139098;3,96;;146
Âîáëåðû;13910;Âîáëåð AMULET  PRO SSV-AP DD - 11 FL/1.2 m/10g/60 mm;;;;9;2000000096124;3,96;;146
Âîáëåðû;13911;Âîáëåð AMULET  PRO SSV-AP DD - 14 FL/1.2 m/10g/60 mm;;;;10;2000000096155;3,96;;146
Âîáëåðû;13912;Âîáëåð AMULET  PRO SSV-AP DD - 12 FL/1.2 m/10g/60 mm;;;;9;2000000096131;3,96;;146
Âîáëåðû;13913;Âîáëåð Jackall Tiny Fry 38SP 1.5ãð ghost wakasagi;;;;2;4525807004663;8,39;;332
Âîáëåðû;13914;Âîáëåð Jackall Tiny Fry 38S 1.5ãð ghost wakasagi;;;;1;4525807059854;8,39;;332
Âîáëåðû;13915;Âîáëåð Jackall Tiny Fry 38SP 1.5ãð hl fry;;;;1;4525807012729;8,39;;332
Âîáëåðû;13916;Âîáëåð Jackall Tiny Fry 38S 1.5ãð hl fry;;;;2;4525807048131;8,39;;332
Âîáëåðû;13917;Âîáëåð Jackall Tiny Fry 38SP 1.5ãð suji shrimp;;;;1;4525807006407;8,39;;332
Âîáëåðû;13918;Âîáëåð Jackall Tiny Fry 38SP 1.5ãð pellet yellov;;;;1;4525807006391;8,39;;332
Âîáëåðû;13919;Âîáëåð Jackall Tiny Fry 38SP 1.5ãð ghost purple;;;;1;4525807079364;8,39;;332
Âîáëåðû;13920;Âîáëåð Jackall Tiny Fry 38SP 1.5ãð ghost g perch;;;;1;4525807067415;8,39;;332
Âîáëåðû;13921;Âîáëåð Jackall Tiny Fry 38SP 1.5ãð ul tamamushi;;;;1;4525807017762;8,39;;332
Âîáëåðû;13922;Âîáëåð Jackall Tiny Fry 38SP 1.5ãð hl shining tiger;;;;1;4525807063844;8,39;;332
Âîáëåðû;13923;Âîáëåð Jackall Tiny Fry 38SP 1.5ãð hl gold&black;;;;2;4525807006421;8,39;;332
Âîáëåðû;13924;Âîáëåð Jackall Tiny Fry 38S 1.5ãð hl gold&black;;;;2;4525807059823;8,39;;332
Âîáëåðû;13926;Âîáëåð Jackall Tiny Fry 38S 1.5ãð hl wakasagi;;;;2;4525807059830;8,39;;332
Âîáëåðû;13927;Âîáëåð Jackall Tiny Fry 38S 1.5ãð hl silver&black;;;;3;4525807059847;8,39;;332
Âîáëåðû;13928;Âîáëåð Jackall Tiny Fry 38SP 1.5ãð hl silver&black;;;;2;4525807052824;8,39;;332
Âîáëåðû;13929;Âîáëåð Jackall Tiny Fry 38SP 1.5ãð ul bug;;;;1;4525807079333;8,39;;332
Âîáëåðû;13930;Âîáëåð Jackall Tiny Fry 38SP 1.5ãð hl black;;;;1;4525807079340;8,39;;332
Âîáëåðû;13931;Âîáëåð Jackall Tiny Fry 38SP 1.5ãð mat tiger;;;;3;4525807004649;8,39;;332
Âîáëåðû;13932;Âîáëåð Jackall Tiny Fry 38SP 1.5ãð ghost ayu;;;;2;4525807006360;8,39;;332
Âîáëåðû;13933;Âîáëåð Jackall Tiny Fry 38S 1.5ãð ghost ayu;;;;2;4525807059809;8,39;;332
Âîáëåðû;13934;Âîáëåð Jackall Tiny Fry 38S 1.5ãð mat tiger;;;;1;4525807048100;8,39;;332
Âîáëåðû;13935;Âîáëåð Jackall Tiny Fry 38SP 1.5ãð hl wakasagi;;;;2;4525807049121;8,39;;332
Âîáëåðû;13936;Âîáëåð Jackall Chubby 38F 4.0ãð craw fish;;;;1;4525807011630;8,42;;333
Âîáëåðû;13937;Âîáëåð Jackall Chubby 38F 4.0ãð mat chart;;;;1;4525807004588;8,42;;333
Âîáëåðû;13938;Âîáëåð Jackall Chubby 38F 4.0ãð hl shinning tiger;;;;2;4525807063820;8,42;;333
Âîáëåðû;13939;Âîáëåð Jackall Chubby 38F 4.0ãð ul tamamushi;;;;3;4525807017816;8,42;;333
Âîáëåðû;13940;Âîáëåð Jackall Chubby 38F 4.0ãð ghost purple;;;;3;4525807078831;8,42;;333
Âîáëåðû;13941;Âîáëåð Jackall Chubby 38F 4.0ãð hl black;;;;1;4525807078817;8,42;;333
Âîáëåðû;13942;Âîáëåð Jackall Chubby 38F 4.0ãð mat black;;;;1;4525807004601;8,42;;333
Âîáëåðû;13944;Âîáëåð Jackall Chubby 38F 4.0ãð ghost g perch;;;;3;4525807067606;8,42;;333
Âîáëåðû;13945;Âîáëåð Jackall Chubby 38F 4.0ãð gold plack;;;;1;4525807004540;8,42;;333
Âîáëåðû;13946;Âîáëåð Jackall Chubby 38F 4.0ãð ul bug;;;;1;4525807006322;8,42;;333
Âîáëåðû;13947;Âîáëåð Jackall Chubby 38F 4.0ãð hl shad;;;;1;4525807017823;8,42;;333
Âîáëåðû;13948;Âîáëåð Jackall Chubby 38F 4.0ãð noike gill;;;;1;4525807048179;8,42;;333
Âîáëåðû;13949;Âîáëåð Jackall Chubby 38F 4.0ãð mat tiger;;;;1;4525807004564;8,42;;333
Âîáëåðû;13950;Âîáëåð Jackall Chubby 38F 4.0ãð ghost wakasagi;;;;1;4525807006308;8,42;;333
Âîáëåðû;13951;Âîáëåð Jackall Chubby 38F ssr 4.0ãð ghost wakasagi;;;;1;4525807075359;8,42;;333
Âîáëåðû;13953;Âîáëåð Jackall Squadminnow 65F 5.4ãð koayu;;;;1;4525807073331;10,09;;399
Âîáëåðû;13954;Âîáëåð Jackall Squadminnow 65F 5.4ãð noike gill;;;;1;4525807073607;10,09;;399
Âîáëåðû;13955;Âîáëåð Jackall Squadminnow 65SP 5.8ãð noike gill;;;;1;4525807040029;10,09;;399
Âîáëåðû;13956;Âîáëåð Jackall Squadminnow 65SP 5.8ãð natural shad;;;;1;4525807072396;10,09;;399
Âîáëåðû;13957;Âîáëåð Jackall Squadminnow 65SP 5.8ãð hl bronzebluepike;;;;2;4525807067521;10,09;;399
Âîáëåðû;13958;Âîáëåð Jackall Squadminnow 65SP 5.8ãð purple mohican;;;;2;4525807079159;10,09;;399
Âîáëåðû;13959;Âîáëåð Jackall Squadminnow 65SP 5.8ãð hl mat shad;;;;2;4525807079630;10,09;;399
Âîáëåðû;13960;Âîáëåð Jackall Squadminnow 65SP 5.8ãð nf ayu;;;;2;4525807079135;10,09;;399
Âîáëåðû;13961;Âîáëåð Jackall Cherry 44F 6.2ãð pellet yellow;;;;2;4525807078756;9,26;;366
Âîáëåðû;13963;Âîáëåð Jackall Cherry 44F 6.2ãð hl black;;;;3;4525807009262;9,26;;366
Âîáëåðû;13964;Âîáëåð Jackall Cherry 44F 6.2ãð blue gill;;;;2;4525807021608;9,26;;366
Âîáëåðû;13965;Âîáëåð Jackall Cherry 44F 6.2ãð blue black tiger;;;;1;4525807011906;9,26;;366
Âîáëåðû;13966;Âîáëåð Jackall Cherry 44F 6.2ãð pearl ayu;;;;2;4525807030136;9,26;;366
Âîáëåðû;13967;Âîáëåð Jackall Cherry 44F 6.2ãð chrome tiger;;;;2;4525807032659;9,26;;366
Âîáëåðû;13968;Âîáëåð Jackall Cherry 44F 6.2ãð ul bug;;;;4;4525807002560;9,26;;366
Âîáëåðû;13969;Âîáëåð Jackall Cherry 44F 6.2ãð hl silver&black;;;;2;4525807045161;9,26;;366
Âîáëåðû;13970;Âîáëåð Jackall D Cherry 48F 7.8ãð blue back tiger;;;;2;4525807011562;9,26;;366
Âîáëåðû;13971;Âîáëåð Jackall D Cherry 48F 7.8ãð purple mohican;;;;2;4525807039443;9,26;;366
Âîáëåðû;13972;Âîáëåð Jackall D Cherry 48F 7.8ãð ghost ayu;;;;2;4525807005028;9,26;;366
Âîáëåðû;13973;Âîáëåð Jackall D Cherry 48F 7.8ãð mat tiger;;;;2;4525807002959;9,26;;366
Âîáëåðû;13974;Âîáëåð Jackall D Cherry 48F 7.8ãð hl silver&black;;;;2;4525807045185;9,26;;366
Âîáëåðû;13975;Âîáëåð Jackall Cherry 1 Footer 46F 7.2ãð mat black;;;;4;4525807004335;9,26;;366
Âîáëåðû;13976;Âîáëåð Jackall Cherry 1 Footer 46F 7.2ãð ul bug;;;;1;4525807078770;9,26;;366
Âîáëåðû;13977;Âîáëåð Jackall Cherry 1 Footer 46F 7.2ãð pellet yellow;;;;1;4525807078763;9,26;;366
Âîáëåðû;13978;Âîáëåð Jackall D Chubby Minnow 38F 4.7ãð pellet yellow;;;;1;4525807089066;9,26;;366
Âîáëåðû;13979;Âîáëåð Jackall D Chubby Minnow 38F 4.7ãð ul bug;;;;1;4525807089059;9,26;;366
Âîáëåðû;13980;Âîáëåð Jackall D Chubby Minnow 38F 4.7ãð hl silver&black;;;;1;4525807078497;9,26;;366
Âîáëåðû;13981;Âîáëåð Jackall Jaco 58SR 58ìì 9,5ã TO Flash Shad F;;;;1;4525807086362;9,27;;366
Âîáëåðû;13982;Âîáëåð Jackall Jaco 58SR 58ìì 9,5ã TO Ghost Shad F;;;;1;4525807086355;9,27;;366
Âîáëåðû;13983;Âîáëåð Jackall Jaco 58SR 58ìì 9,5ã is bluegill;;;;1;4525807086300;9,27;;366
Âîáëåðû;13984;Âîáëåð Jackall Aragon Jr.SR 50F 8.0ãð table rock shad;;;;1;4525807039429;9,77;;400
Âîáëåðû;13985;Âîáëåð Jackall Aragon Jr.SR 50F 8.0ãð hl blue gill;;;;1;4525807026962;10,09;;400
Âîáëåðû;13986;Âîáëåð Jackall Aragon Jr.SR 50F 8.0ãð noike gill;;;;1;4525807025149;9,09;;400
Âîáëåðû;13987;Âîáëåð Jackall Hama-ku-ru Spider 41F 6.5ãð whihe buterfly;;;;4;4525807040357;10,07;;398
Âîáëåðû;13988;Âîáëåð Jackall Hama-ku-ru Spider 41F 6.5ãð ul beatle;;;;4;4525807005967;10,07;;398
Âîáëåðû;13989;Âîáëåð Jackall Hama-ku-ru Spider 41F 6.5ãð kagerow;;;;3;4525807040388;10,07;;398
Âîáëåðû;13990;Âîáëåð Jackall Hama-ku-ru Spider 41F 6.5ãð devil red;;;;4;4525807005936;10,07;;398
Âîáëåðû;13991;Âîáëåð Jackall Hama-ku-ru Spider 41F 6.5ãð clear bee;;;;3;4525807040371;10,07;;398
Âîáëåðû;13992;Âîáëåð Jackall Hama-ku-ru Spider 41F 6.5ãð ul bug;;;;3;4525807005950;10,07;;398
Âîáëåðû;13993;Âîáëåð Jackall Hama-ku-ru Spider 41F 6.5ãð devil char;;;;4;4525807005943;10,07;;398
Âîáëåðû;13994;Âîáëåð Jackall Hama-ku-ru Spider 41F 6.5ãð black widow;;;;4;4525807040364;10,07;;398
Âîáëåðû;13995;Âîáëåð Jackall Chubby Minnow 35SP 2.3ãð ghost purple;;;;1;4525807078992;9,26;;366
Âîáëåðû;13996;Âîáëåð Jackall Chubby Minnow 35SP 2.3ãð ayu;;;;1;4525807065541;9,26;;366
Âîáëåðû;13997;Âîáëåð Jackall Chubby Minnow 35SP 2.3ãð mat black;;;;1;4525807078954;9,26;;366
Âîáëåðû;13998;Âîáëåð Jackall Chubby Minnow 35SP 2.3ãð hl black;;;;1;4525807078985;9,26;;366
Âîáëåðû;13999;Âîáëåð Jackall Chubby Minnow 35SP 2.3ãð ghost & perch;;;;1;4525807067514;9,26;;366
Âîáëåðû;14000;Âîáëåð Jackall Chubby Minnow 35SP 2.3ãð green squash;;;;1;4525807079838;9,26;;366
Âîáëåðû;14001;Âîáëåð Jackall Chubby Minnow 35SP 2.3ãð ghost wakasagi;;;;2;4525807065589;9,26;;366
Âîáëåðû;14002;Âîáëåð Jackall Chubby Minnow 35SP 2.3ãð hl silver&black;;;;2;4525807065626;9,26;;366
Âîáëåðû;14003;Âîáëåð Jackall Chubby Minnow 35SP 2.3ãð hl shining tiger;;;;2;4525807067507;9,26;;366
Âîáëåðû;14004;Âîáëåð Jackall Chubby Minnow 35SP 2.3ãð pellet yellow;;;;2;4525807078961;9,26;;366
Âîáëåðû;14005;Âîáëåð Jackall Chubby Minnow 35SP 2.3ãð nk kawaguchiko rainbow;;;;2;4525807067941;9,26;;366
Âîáëåðû;14006;Âîáëåð Jackall Chubby Minnow 35ìì 2.3ã HL bora Suspending;;;;3;4525807078886;8,83;;366
Âîáëåðû;14007;Âîáëåð Jackall Chubby Minnow 35ìì 2.3ã pellet orange Suspending;;;;4;4525807079821;8,83;;366
Âîáëåðû;14008;Âîáëåð Jackall Chubby Minnow 35ìì 2.3ã hl silver&black Suspending;;;;3;4525807051360;8,83;;366
Âîáëåðû;14009;Âîáëåð Jackall Chubby Minnow 35ìì 2.3ã ayu Suspending;;;;2;4525807051285;8,83;;366
Âîáëåðû;14010;Âîáëåð Jackall Chubby Minnow 35ìì 2.3ã nk kawaguchiko rainbow Suspending;;;;2;4525807063912;8,83;;366
Âîáëåðû;14011;Âîáëåð Jackall Chubby Minnow 35ìì 2.3ã mat black Suspending;;;;2;4525807078848;8,83;;366
Âîáëåðû;14012;Âîáëåð Jackall Chubby Minnow 35ìì 2.3ã ul bug Suspending;;;;2;4525807078862;8,83;;366
Âîáëåðû;14013;Âîáëåð Jackall Chubby Minnow 35ìì 2.3ã mat tiger Suspending;;;;2;4525807051308;8,83;;366
Âîáëåðû;14014;Âîáëåð Jackall Chubby Minnow 35ìì 2.3ã hl shinning tiger Suspending;;;;1;4525807063905;8,83;;366
Âîáëåðû;14015;Âîáëåð Jackall Chubby Minnow 35ìì 2.3ã hl black Suspending;;;;1;4525807078879;8,83;;366
Âîáëåðû;14016;Âîáëåð Jackall Chubby Minnow 35ìì 2.3ã ghost purple Suspending;;;;1;4525807078893;8,83;;366
Âîáëåðû;14017;Âîáëåð DOZER Zoid 26 òîí. 2,8ã 0-1ì C4W12;;;;3;2000000140179;2,54;;104
Âîáëåðû;14018;Âîáëåð DOZER Zoid 26 ïîïïåð 2,4ã C1R12;;;;3;2000000140186;2,54;;104
Âîáëåðû;14019;Âîáëåð DOZER Zoid 26 òîí. 2,8ã 0-1ì B4R12;;;;4;2000000140193;2,54;;104
Âîáëåðû;14020;Âîáëåð DOZER Zoid 26 ïîïïåð 2,4ã C1X;;;;4;2000000140209;2,54;;104
Âîáëåðû;14021;Âîáëåð DOZER Zoid 26 òîí. 2,8ã 0-1ì C4C12;;;;5;2000000140216;2,54;;104
Âîáëåðû;14022;Âîáëåð DOZER Zoid 26 òîí. 2,8ã 0-1ì B4Â12;;;;3;2000000140223;2,54;;104
Âîáëåðû;14023;Âîáëåð DOZER Zoid 29 deep ïëàâ. 3.3ã 0,5-1,5ì A1A12;;;;3;2000000140230;2,54;;104
Âîáëåðû;14024;Âîáëåð DOZER Zoid 26 ïîïïåð 2,4ã B4Â12;;;;5;2000000140247;2,54;;104
Âîáëåðû;14025;Âîáëåð Lery master;;;;22;2000000140254;0,6;;25
Âîáëåðû;14027;Âîáëåð DUEL HARDCORE MINNOW 50S F922 HAJ 50ìì/3ã/0,2-0,8ì;;;;2;4940764227908;9,58;;353
Âîáëåðû;14028;Âîáëåð DUEL HARDCORE MINNOW 50S F922 HOKS 50ìì/3ã/0,2-0,8ì;;;;2;4940764227960;9,58;;353
Âîáëåðû;14029;Âîáëåð DUEL HARDCORE MINNOW 50S F922 HHS 50ìì/3ã/0,2-0,8ì;;;;2;4940764227946;9,58;;353
Âîáëåðû;14030;Âîáëåð DUEL HARDCORE MINNOW 50S F922 HIW 50ìì/3ã/0,2-0,8ì;;;;1;4940764227953;9,58;;353
Âîáëåðû;14031;Âîáëåð DUEL HARDCORE MINNOW 50F F915 HAJ 50ìì/2,5ã/0-0,2ì;;;;1;4940764227786;9,58;;353
Âîáëåðû;14032;Âîáëåð DUEL HARDCORE MINNOW 50S F922 HOKS 50ìì/3ã/0,2-0,8ì;;;;2;4940764227847;9,58;;353
Âîáëåðû;14033;Âîáëåð DUEL HARDCORE MINNOW 50S F922 HIW 50ìì/3ã/0,2-0,8ì;;;;2;4940764227830;9,58;;353
Âîáëåðû;14034;Âîáëåð DUEL HARDCORE MINNOW 50S F922 HHS 50ìì/3ã/0,2-0,8ì;;;;2;4940764227823;9,58;;353
Âîáëåðû;14035;Âîáëåð DUEL HARDCORE NOI-Z 105F F1064 HGSN 105ìì/28ã/ max 0.3ì;;;;1;4940764419549;16,64;;574
Âîáëåðû;14036;Âîáëåð DUEL HARDCORE NOI-Z 105F F1064 HBG 105ìì/28ã/ max 0.3ì;;;;1;4940764419525;16,64;;574
Âîáëåðû;14037;Âîáëåð DUEL HARDCORE NOI-Z 105F F1064 HCLP 105ìì/28ã/ max 0.3ì;;;;1;4940764420378;16,64;;574
Âîáëåðû;14038;Âîáëåð DUEL HARDCORE NOI-Z 105F F1064 MEAY 105ìì/28ã/ max 0.3ì;;;;1;4940764419563;16,64;;574
Âîáëåðû;14039;Âîáëåð DUEL HARDCORE NOI-Z 105F F1064 BCL 105ìì/28ã/ max 0.3ì;;;;1;4940764419518;16,64;;574
Âîáëåðû;14041;Âîáëåð DUEL HARDCORE NOI-Z 105F F1064 MHS 105ìì/28ã/ max 0.3ì;;;;1;4940764419587;16,64;;574
Âîáëåðû;14042;Âîáëåð DUEL HARDCORE NOI-Z 105F F1064 SAY 105ìì/28ã/ max 0.3ì;;;;1;4940764419600;16,64;;574
Âîáëåðû;14043;Âîáëåð F1039 HGBL HARDCORE MINNOW 70F BASS  50mm;;;;3;4940764414575;8,92;;328
Âîáëåðû;14044;Âîáëåð F1039 KVWS HARDCORE MINNOW 70F BASS  50mm;;;;3;4940764414605;8,2;;328
Âîáëåðû;14045;Âîáëåð F1039 MBCL HARDCORE MINNOW 70F BASS  50mm;;;;2;4940764414612;8,2;;328
Âîáëåðû;14047;Âîáëåð F1039 GSAY HARDCORE MINNOW 70F BASS  50mm;;;;1;4940764414544;8,92;;328
Âîáëåðû;14048;Âîáëåð F1039 HSM HARDCORE MINNOW 70F BASS  50mm;;;;1;4940764414599;8,92;;328
Âîáëåðû;14049;Âîáëåð F1038 HGBL HARDCORE MINNOW 50F BASS  50mm;;;;3;4940764414476;8,92;;328
Âîáëåðû;14050;Âîáëåð F1038 HSM HARDCORE MINNOW 50F BASS  50mm;;;;1;4940764414490;8,92;;328
Âîáëåðû;14051;Âîáëåð DUEL Aile MAGNET NEO 70F F874  FHSG 70ìì/6ã/max 1,0ì;;;;2;4940764210481;10,1;;372
Âîáëåðû;14052;Âîáëåð DUEL Aile MAGNET NEO 70F F874  DHCM 70ìì/6ã/max 1,0ì;;;;2;4940764210467;10,1;;372
Âîáëåðû;14053;Âîáëåð DUEL Aile MAGNET NEO 70F F874  SHIW 70ìì/6ã/max 1,0ì;;;;2;4940764210511;10,1;;372
Âîáëåðû;14056;Âîáëåð DUEL Aile MAGNET NEO 70F F874  DHMT 70ìì/6ã/max 1,0ì;;;;2;4940764210474;10,1;;372
Âîáëåðû;14057;Âîáëåð DUEL Aile MAGNET NEO 70S F876  FHSG 70ìì/8,5ã/max 3,0ì;;;;1;4940764210641;10,1;;372
Âîáëåðû;14058;Âîáëåð DUEL HARDCORE MINNOW 90S F924 PHRH 90ìì/8ã/0,4-1,5ì;;;;1;4940764228523;10,5;;386
Âîáëåðû;14059;Âîáëåð DUEL HARDCORE MID CRANK 60F F1022  GSAY 60ìì/10ã/2,5ì+;;;;2;4940764411253;9,99;;368
Âîáëåðû;14060;Âîáëåð DUEL HARDCORE MID CRANK 60F F1022  HBG 60ìì/10ã/2,5ì+;;;;2;4940764411260;9,99;;368
Âîáëåðû;14061;Âîáëåð DUEL HARDCORE MID CRANK 60F F1022  PHSH 60ìì/10ã/2,5ì+;;;;2;4940764410393;9,99;;368
Âîáëåðû;14062;Âîáëåð DUEL HARDCORE MID CRANK 60F F1022  HHT 60ìì/10ã/2,5ì+;;;;2;4940764410379;9,99;;368
Âîáëåðû;14063;Âîáëåð DUEL HARDCORE MID CRANK 60F F1022  HAT 60ìì/10ã/2,5ì+;;;;2;4940764410324;9,99;;368
Âîáëåðû;14064;Âîáëåð DUEL HARDCORE MID CRANK 60F F1022  MBCL 60ìì/10ã/2,5ì+;;;;2;4940764411277;9,99;;368
Âîáëåðû;14065;Âîáëåð DUEL HARDCORE MID CRANK 60F F1022  HGBL 60ìì/10ã/2,5ì+;;;;1;4940764410362;9,99;;368
Âîáëåðû;14066;Âîáëåð DUEL SILVER POP 60 F905 SHIW  60ìì/7ã/ïîâåðõíîñòíûé;;;;2;4940764223368;8,09;;298
Âîáëåðû;14067;Âîáëåð DUEL SILVER POP 60 F905 TMTE  60ìì/7ã/ïîâåðõíîñòíûé;;;;1;4940764223429;8,09;;298
Âîáëåðû;14068;Âîáëåð DUEL HARDCORE SHALLOW CRANK 65F F968 HSH 65ìì/8ã/0,5-1ì;;;;1;4940764237679;9,51;;350
Âîáëåðû;14069;Âîáëåð DUEL HARDCORE SHALLOW CRANK 65F F968 HHT 65ìì/8ã/0,5-1ì;;;;1;4940764237662;9,51;;350
Âîáëåðû;14070;Âîáëåð DUEL HARDCORE SHALLOW CRANK 65F F968 MPSH 65ìì/8ã/0,5-1ì;;;;2;4940764411208;9,51;;350
Âîáëåðû;14071;Âîáëåð DUEL DINO CRANK MD F724 HBSH 55ìì/12ã/äî 2,5ì;;;;1;4940764143604;8,9;;328
Âîáëåðû;14072;Âîáëåð DUEL HARDCORE SURFACE CRANK 65F F969 MGBG 65ìì/8ã/0-0,3ì;;;;1;4940764411222;9,51;;350
Âîáëåðû;14073;Âîáëåð YO-ZURI L-MINNOW HEAVY WEIGHT 33S F952 LSCA 33ìì/5,5ã/äî 1,5ì;;;;1;4940764236399;6,26;;230
Âîáëåðû;14074;Âîáëåð YO-ZURI L-MINNOW HEAVY WEIGHT 33S F952 HHAJ 33ìì/5,5ã/äî 1,5ì;;;;3;4940764236351;6,26;;230
Âîáëåðû;14075;Âîáëåð YO-ZURI L-MINNOW HEAVY WEIGHT 33S F952 CBPT 33ìì/5,5ã/äî 1,5ì;;;;5;4940764236337;6,26;;230
Âîáëåðû;14077;Âîáëåð YO-ZURI L-MINNOW HEAVY WEIGHT 33S F952 SHIW 33ìì/5,5ã/äî 1,5ì;;;;4;4940764236405;6,26;;230
Âîáëåðû;14078;Âîáëåð YO-ZURI L-MINNOW HEAVY WEIGHT 33S F952 HHIW 33ìì/5,5ã/äî 1,5ì;;;;6;4940764236368;6,26;;230
Âîáëåðû;14079;Âîáëåð YO-ZURI L-MINNOW SINGLE HOOK 33F F955 KVBN 33ìì/2,5ã/äî 0,5ì;;;;2;4940764236627;5,63;;207
Âîáëåðû;14080;Âîáëåð YO-ZURI L-MINNOW SINGLE HOOK 33F F955 TEN 33ìì/2,5ã/äî 0,5ì;;;;2;4940764236641;5,63;;207
Âîáëåðû;14081;Âîáëåð YO-ZURI L-MINNOW SINGLE HOOK 33F F955 HACI 33ìì/2,5ã/äî 0,5ì;;;;1;4940764236603;5,63;;207
Âîáëåðû;14082;Âîáëåð YO-ZURI L-MINNOW SINGLE HOOK 33F F955 FFG 33ìì/2,5ã/äî 0,5ì;;;;3;4940764236597;5,63;;207
Âîáëåðû;14083;Âîáëåð YO-ZURI L-MINNOW SINGLE HOOK 33F F955 AMG 33ìì/2,5ã/äî 0,5ì;;;;4;4940764236573;5,63;;207
Âîáëåðû;14085;Âîáëåð YO-ZURI L-MINNOW 33S F198 C44 33ìì/3,5ã/äî 1,5ì;;;;2;4940764216131;5,64;;208
Âîáëåðû;14086;Âîáëåð YO-ZURI L-MINNOW 33S F198 M92 33ìì/3,5ã/äî 1,5ì;;;;2;4940764046998;5,64;;208
Âîáëåðû;14088;Âîáëåð YO-ZURI L-MINNOW 33S F198 M102 33ìì/3,5ã/äî 1,5ì;;;;3;4940764046974;5,64;;208
Âîáëåðû;14089;Âîáëåð YO-ZURI L-MINNOW 33S F198 M100 33ìì/3,5ã/äî 1,5ì;;;;5;4940764046950;5,64;;208
Âîáëåðû;14090;Âîáëåð YO-ZURI L-MINNOW 44S F199 M101 44ìì/5,5ã/äî 1,5ì;;;;7;4940764047025;5,8;;213
Âîáëåðû;14091;Âîáëåð YO-ZURI L-MINNOW 44S F199 M100 44ìì/5,5ã/äî 1,5ì;;;;8;4940764047018;5,8;;213
Âîáëåðû;14092;Âîáëåð YO-ZURI L-MINNOW 44S F199 C44 44ìì/5,5ã/äî 1,5ì;;;;3;4940764199434;5,8;;213
Âîáëåðû;14093;Âîáëåð YO-ZURI L-MINNOW 44S F199 M102 44ìì/5,5ã/äî 1,5ì;;;;5;4940764047032;5,8;;213
Âîáëåðû;14094;Âîáëåð YO-ZURI L-MINNOW 66S F200 M101 66ìì/7ã/äî 1,5ì;;;;3;4940764047087;6;;221
Âîáëåðû;14096;Âîáëåð YO-ZURI L-MINNOW 66S F200 M102 66ìì/7ã/äî 1,5ì;;;;5;4940764047094;6;;221
Âîáëåðû;14097;Âîáëåð YO-ZURI L-MINNOW 66S F200 BL 66ìì/7ã/äî 1,5ì;;;;2;4940764199441;6;;221
Âîáëåðû;14098;Âîáëåð YO-ZURI L-MINNOW HEAVY WEIGHT 44S F953 SHIW 44ìì/9ã/äî 1,5ì;;;;2;4940764236481;6,89;;254
Âîáëåðû;14099;Âîáëåð YO-ZURI L-MINNOW HEAVY WEIGHT 44S F953 CBPT 44ìì/9ã/äî 1,5ì;;;;3;4940764236412;6,89;;254
Âîáëåðû;14100;Âîáëåð YO-ZURI PIN'S MINNOW 50F F1014 SHMY 50ìì/2ã/äî 0,5ì;;;;2;756791409279;5,63;;207
Âîáëåðû;14101;Âîáëåð YO-ZURI PIN'S MINNOW 50F F1014 M176 50ìì/2ã/äî 0,5ì;;;;2;756791409217;5,63;;207
Âîáëåðû;14102;Âîáëåð YO-ZURI PIN'S MINNOW 50F F1014 GBL 50ìì/2ã/äî 0,5ì;;;;1;756791409163;5,63;;207
Âîáëåðû;14103;Âîáëåð YO-ZURI PIN'S MINNOW 50F F1014 M44 50ìì/2ã/äî 0,5ì;;;;2;756791409231;5,63;;207
Âîáëåðû;14104;Âîáëåð YO-ZURI PIN'S MINNOW 50F F1014 BL 50ìì/2ã/äî 0,5ì;;;;2;756791409149;5,63;;207
Âîáëåðû;14105;Âîáëåð YO-ZURI PIN'S MINNOW 50F F196 GSBS 50ìì/2ã/äî 0,5ì;;;;2;4940764207306;5,63;;207
Âîáëåðû;14106;Âîáëåð YO-ZURI PIN'S MINNOW 50F F196 BL 50ìì/2ã/äî 0,5ì;;;;1;4940764184461;5,63;;207
Âîáëåðû;14107;Âîáëåð YO-ZURI PIN'S MINNOW 50F F196 GBL 50ìì/2ã/äî 0,5ì;;;;2;4940764233435;5,63;;207
Âîáëåðû;14108;Âîáëåð YO-ZURI 3DS CRANK SR 50F F1036 HHAY 50ìì/8ã/0,5-1ì;;;;3;4940764413233;7,98;;294
Âîáëåðû;14109;Âîáëåð YO-ZURI 3DS CRANK SR 50F F1036 HTS 50ìì/8ã/0,5-1ì;;;;3;4940764413271;7,98;;294
Âîáëåðû;14110;Âîáëåð YO-ZURI 3DS CRANK SR 50F F1036 MBG 50ìì/8ã/0,5-1ì;;;;1;4940764414087;7,98;;294
Âîáëåðû;14111;Âîáëåð YO-ZURI 3DS CRANK SR 50F F1036 MSS 50ìì/8ã/0,5-1ì;;;;4;4940764414124;7,98;;294
Âîáëåðû;14112;Âîáëåð YO-ZURI PIN'S MINNOW SINGLE HOOK 50S F956 ADJ 50ìì/2ã/äî 0,5ì;;;;1;4940764236658;5,63;;207
Âîáëåðû;14113;Âîáëåð YO-ZURI PIN'S MINNOW SINGLE HOOK 50S F956 DJ 50ìì/2ã/äî 0,5ì;;;;2;4940764236689;5,63;;207
Âîáëåðû;14114;Âîáëåð YO-ZURI PIN'S MINNOW SINGLE HOOK 50S F956 CHLT 50ìì/2ã/äî 0,5ì;;;;2;4940764236672;5,63;;207
Âîáëåðû;14115;Âîáëåð YO-ZURI PIN'S MINNOW SINGLE HOOK 50S F956 KBKR 50ìì/2ã/äî 0,5ì;;;;3;4940764236702;5,63;;207
Âîáëåðû;14116;Âîáëåð YO-ZURI 3DS SHAD SR 65SP F957 HHPB 65ìì/6ã/1ì;;;;2;4940764236764;7,67;;282
Âîáëåðû;14118;Âîáëåð YO-ZURI 3DS SHAD SR 65SP F957 HTS 65ìì/6ã/1ì;;;;1;4940764236856;7,67;;282
Âîáëåðû;14119;Âîáëåð YO-ZURI CRYSTAL MINNOW 70F R836 C4 70ìì/5ã/ äî 0,6ì;;;;2;4940764182214;7,47;;275
Âîáëåðû;14120;Âîáëåð YO-ZURI CRYSTAL MINNOW 70F R836 SBR 70ìì/5ã/ äî 0,6ì;;;;1;4940764182283;7,47;;275
Âîáëåðû;14121;Âîáëåð YO-ZURI CRYSTAL MINNOW 70F R836 GHCR 70ìì/5ã/ äî 0,6ì;;;;2;4940764214564;7,47;;275
Âîáëåðû;14122;Âîáëåð YO-ZURI SASHIMI MID CRANK 70F R1061 CMBC 70ìì/15ã/1,2-1,8ì;;;;2;756791418387;9,86;;363
Âîáëåðû;14123;Âîáëåð YO-ZURI SASHIMI MID CRANK 70F R1061 CSBG 70ìì/15ã/1,2-1,8ì;;;;2;756791405356;9,86;;363
Âîáëåðû;14124;Âîáëåð YO-ZURI SASHIMI MID CRANK 70F R1061 CMCF 70ìì/15ã/1,2-1,8ì;;;;2;756791405318;9,86;;363
Âîáëåðû;14125;Âîáëåð YO-ZURI EBA SHAD F755  SHAJ 50ìì/4ã/äî 1,5ì;;;;2;4940764152354;7,86;;289
Âîáëåðû;14126;Âîáëåð YO-ZURI EBA SHAD F755  SHKT 50ìì/4ã/äî 1,5ì;;;;2;4940764221203;7,86;;289
Âîáëåðû;14127;Âîáëåð YO-ZURI EBA SHAD F755  SHS 50ìì/4ã/äî 1,5ì;;;;1;4940764223566;7,86;;289
Âîáëåðû;14128;Âîáëåð YO-ZURI EBA SHAD F755  SHGM 50ìì/4ã/äî 1,5ì;;;;1;4940764221180;7,86;;289
Âîáëåðû;14129;Âîáëåð YO-ZURI EBA SHAD F755  SHIW 50ìì/4ã/äî 1,5ì;;;;2;4940764152347;7,86;;289
Âîáëåðû;14130;Âîáëåð YO-ZURI EBA SHAD F755  SHKS 50ìì/4ã/äî 1,5ì;;;;1;4940764221197;7,86;;289
Âîáëåðû;14131;Âîáëåð YO-ZURI SNAP BEANS(S) SET 20mm & 25mm  F237 Ì2 20ìì/1ã & 25/2ã  òîíóùèå;;;;4;4940764075806;8,01;;295
Âîáëåðû;14132;Âîáëåð YO-ZURI SNAP BEANS(S) SET 20mm & 25mm  F237 Ì167 20ìì/1ã & 25/2ã  òîíóùèå;;;;1;4940764075813;8,01;;295
Âîáëåðû;14133;Âîáëåð YO-ZURI EBA POPPER F414 TMCL 50ìì/4ã/ïîâåðõíîñòíûé;;;;1;4940764195252;7,86;;289
Âîáëåðû;14134;Âîáëåð YO-ZURI EBA POPPER F414 SHGM 50ìì/4ã/ïîâåðõíîñòíûé;;;;1;4940764221241;7,86;;289
Âîáëåðû;14135;Âîáëåð YO-ZURI EBA POPPER F414 SHIW 50ìì/4ã/ïîâåðõíîñòíûé;;;;1;4940764195238;7,86;;289
Âîáëåðû;14136;Âîáëåð YO-ZURI EBA POPPER F414 SHS 50ìì/4ã/ïîâåðõíîñòíûé;;;;3;4940764223603;7,86;;289
Âîáëåðû;14137;Âîáëåð YO-ZURI EBA MINNOW F413 SHS 55ìì/4ã/äî 1,2ì;;;;2;4940764223580;7,86;;289
Âîáëåðû;14138;Âîáëåð YO-ZURI 3DS VIBE 60S F959  HGBL 60ìì/14ã/1,5ì;;;;1;4940764236917;8;;294
Âîáëåðû;14139;Âîáëåð YO-ZURI 3D FLAT CRANK F683 OK 55ìì/7,5ã/äî 1,2ì;;;;1;4940764124672;7,96;;293
Âîáëåðû;14140;Âîáëåð YO-ZURI 3D FLAT CRANK F683 AY 55ìì/7,5ã/äî 1,2ì;;;;1;4940764124627;7,96;;293
Âîáëåðû;14141;Âîáëåð YO-ZURI 3D FLAT CRANK F683 NPB 55ìì/7,5ã/äî 1,2ì;;;;1;4940764124665;7,96;;293
Âîáëåðû;14142;Âîáëåð YO-ZURI 3DS MINNOW 70SP F962 HHPB 70ìì/7ã/0,8ì;;;;1;4940764237167;8;;294
Âîáëåðû;14143;Âîáëåð YO-ZURI 3DS MINNOW 70SP F962 HTS 70ìì/7ã/0,8ì;;;;2;4940764237174;8;;294
Âîáëåðû;14144;Âîáëåð PONTOON 21 GagaGoon 45S-SR 45mm, 3.5gr, 0.3-0.6m, 315;;;;2;4571115344885;6,15;;226
Âîáëåðû;14146;Âîáëåð PONTOON 21 GagaGoon 45S-SR 45mm, 3.5gr, 0.3-0.6m, 211;;;;2;4571115344908;6,15;;226
Âîáëåðû;14147;Âîáëåð PONTOON 21 GagaGoon 45S-SR 45mm, 3.5gr, 0.3-0.6m, 321;;;;2;4571115344878;6,15;;226
Âîáëåðû;14148;Âîáëåð PONTOON 21 GagaGoon 45S-SR 45mm, 3.5gr, 0.3-0.6m, 213;;;;2;4571115344915;6,15;;226
Âîáëåðû;14150;Âîáëåð PONTOON 21 GagaGoon 45S-SR 45mm, 3.5gr, 0.3-0.6m, 807;;;;1;4571115344946;6,15;;226
Âîáëåðû;14151;Âîáëåð PONTOON 21 GagaGoon 45S-SR 45mm, 3.5gr, 0.3-0.6m, 730;;;;2;4571115344922;6,15;;226
Âîáëåðû;14152;Âîáëåð PONTOON 21 GagaGoon 45S-SR 45mm, 3.5gr, 0.3-0.6m, 850;;;;1;4571115344939;6,15;;226
Âîáëåðû;14153;Âîáëåð PONTOON 21 GagaGoon 45S-SR 45mm, 3.5gr, 0.3-0.6m, 305;;;;1;4571115344892;6,15;;226
Âîáëåðû;14154;Âîáëåð PONTOON 21 Bet-A-Shad 63F SR 63mm, 7.3gr, 0.1-0.3m 005;;;;3;4571115356857;7,15;;263
Âîáëåðû;14155;Âîáëåð PONTOON 21 Bet-A-Shad 63F SR 63mm, 7.3gr, 0.1-0.3m 317;;;;3;4571115356918;7,15;;263
Âîáëåðû;14156;Âîáëåð PONTOON 21 Bet-A-Shad 63F SR 63mm, 7.3gr, 0.1-0.3m R60;;;;3;4571115356949;7,15;;263
Âîáëåðû;14157;Âîáëåð PONTOON 21 Bet-A-Shad 63F SR 63mm, 7.3gr, 0.1-0.3m 712;;;;3;4571115359414;7,15;;263
Âîáëåðû;14158;Âîáëåð PONTOON 21 Bet-A-Shad 63F SR 63mm, 7.3gr, 0.1-0.3m 050;;;;3;4571115356888;7,15;;263
Âîáëåðû;14159;Âîáëåð PONTOON 21 SapShad 65F SR 65mm, 6.25gr, 0.4-0.7m 154;;;;2;4571115350961;8;;294
Âîáëåðû;14160;Âîáëåð PONTOON 21 SapShad 65F SR 65mm, 6.25gr, 0.4-0.7m 304;;;;2;4571115350985;8;;294
Âîáëåðû;14161;Âîáëåð PONTOON 21 SapShad 65F SR 65mm, 6.25gr, 0.4-0.7m 007;;;;2;4571115350916;8;;294
Âîáëåðû;14162;Âîáëåð PONTOON 21 SapShad 65F SR 65mm, 6.25gr, 0.4-0.7m 051;;;;2;4571115350947;8;;294
Âîáëåðû;14163;Âîáëåð PONTOON 21 SapShad 65F SR 65mm, 6.25gr, 0.4-0.7m 050;;;;2;4571115350930;8;;294
Âîáëåðû;14164;Âîáëåð PONTOON 21 SapShad 65F SR 65mm, 6.25gr, 0.4-0.7m 222;;;;2;4571115350978;8;;294
Âîáëåðû;14165;Âîáëåð PONTOON 21 SapShad 65F SR 65mm, 6.25gr, 0.4-0.7m R51;;;;2;4571115350992;8;;294
Âîáëåðû;14166;Âîáëåð PONTOON 21 Loco Perrito 65DW 65mm, 837;;;;2;4571115338334;8,7;;320
Âîáëåðû;14167;Âîáëåð PONTOON 21 Loco Perrito 65DW 65mm, 830;;;;1;4571115338235;8,7;;320
Âîáëåðû;14168;Âîáëåð PONTOON 21 Loco Perrito 65DW 65mm, 853;;;;1;4571115338259;8,7;;320
Âîáëåðû;14169;Âîáëåð PONTOON 21 CrackJack 48SP 48mm, 3.2gr, 0.8-1.2m;;;;2;4571115310484;6,5;;239
Âîáëåðû;14170;Âîáëåð PONTOON 21 CrackJack 48F 48mm, 3.1gr, 0.8-1.0m A62;;;;1;4571115354396;6,5;;239
Âîáëåðû;14171;Âîáëåð PONTOON 21 CrackJack 48F 48mm, 3.1gr, 0.8-1.0m A15;;;;1;4571115354389;6,5;;239
Âîáëåðû;14172;Âîáëåð PONTOON 21 CrackJack 48F 48mm, 3.1gr, 0.8-1.0m 111;;;;1;4571115310231;6,5;;239
Âîáëåðû;14173;Âîáëåð PONTOON 21 Alter-Idem 36SP 36mm, 2.2gr, 0.6-1.0m SR 921;;;;4;4571115329646;6,2;;228
Âîáëåðû;14174;Âîáëåð PONTOON 21 Cheerful 34F 34mm, 1.6gr, 0.6-1.0m 042;;;;1;4571115332677;6,15;;226
Âîáëåðû;14175;Âîáëåð PONTOON 21 Cheerful 34F 34mm, 1.6gr, 0.6-1.0m 070;;;;1;4571115354679;6,15;;226
Âîáëåðû;14176;Âîáëåð PONTOON 21 Greedy-Guts 44F-MDR 44mm, 2.3gr, 0.8-1.0m 417;;;;1;4571115332349;6,7;;247
Âîáëåðû;14177;Âîáëåð PONTOON 21 Greedy-Guts 44F-MDR 44mm, 2.3gr, 0.8-1.0m 407;;;;1;4571115332332;6,7;;247
Âîáëåðû;14178;Âîáëåð PONTOON 21 Greedy-Guts 44F-MDR 44mm, 2.3gr, 0.8-1.0m 430;;;;1;4571115332363;6,7;;247
Âîáëåðû;14179;Âîáëåð Pontoon 21 HYPNOSE 38F-SR 38mm, 3.7g, 0.3-0.7m  R10;;;;1;4571115309389;6,15;;226
Âîáëåðû;14180;Âîáëåð PONTOON 21 BullyBoo 45F-SR ñîñòàâí, 45mm, 241;;;;1;4571115356185;6,35;;234
Âîáëåðû;14181;Âîáëåð PONTOON 21 Greedy-Guts 55F-MDR 55mm, 4.1gr, 1.2-1.5m 435;;;;1;4571115324665;6,7;;247
Âîáëåðû;14182;Âîáëåð PONTOON 21 Greedy-Guts 55F-MDR 55mm, 4.1gr, 1.2-1.5m 430;;;;1;4571115324627;6,7;;247
Âîáëåðû;14184;Âîáëåð PONTOON 21 Greedy-Guts 66F-MDR 66mm, 7gr, 1.5-2m 435;;;;1;4571115314475;6,7;;247
Âîáëåðû;14185;Âîáëåð PONTOON 21 Mojarrilla 40F MR 40mm, 3.4gr, 1.0-1.4m 902;;;;1;4571115334848;6,75;;248
Âîáëåðû;14186;Âîáëåð PONTOON 21 Mojarrilla 40F MR 40mm, 3.4gr, 1.0-1.4m 907;;;;1;4571115334732;6,75;;248
Âîáëåðû;14187;Âîáëåð Kosadaka Host XS 70F HT;;;;1;4921775556461;4;;147
Âîáëåðû;14188;Âîáëåð Kosadaka Host XS 70F CNT;;;;1;4921775556430;4;;147
Âîáëåðû;14189;Âîáëåð Kosadaka Host XS 70F MHT;;;;2;4921775556478;4;;147
Âîáëåðû;14190;Âîáëåð Kosadaka Host XS 70F PSSH;;;;2;4921775556515;4;;147
Âîáëåðû;14191;Âîáëåð Kosadaka Host XS 70F PC;;;;1;4921775556492;4;;147
Âîáëåðû;14192;Âîáëåð Kosadaka Host XS 70F NT;;;;1;4921775556485;4;;147
Âîáëåðû;14193;Âîáëåð Kosadaka Host XS 70F SBL;;;;1;4921775556522;4;;147
Âîáëåðû;14194;Âîáëåð Kosadaka Host XS 70F GTR;;;;2;4921775556454;4;;147
Âîáëåðû;14195;Âîáëåð Kosadaka Host XS 70F GT;;;;2;4921775556447;4;;147
Âîáëåðû;14196;Âîáëåð Kosadaka Mirage X5 85F GTR;;;;2;4921775556553;4,5;;167
Âîáëåðû;14197;Âîáëåð Kosadaka Mirage X5 85F GT;;;;3;4921775556546;4,5;;167
Âîáëåðû;14198;Âîáëåð Kosadaka Mirage X5 85F CNT;;;;2;4921775556539;4,5;;167
Âîáëåðû;14199;Âîáëåð Kosadaka Mirage X5 85F NT;;;;1;4921775556584;4,5;;167
Âîáëåðû;14200;Âîáëåð Kosadaka Mirage X5 85F PSSH;;;;1;4921775556614;4,5;;167
Âîáëåðû;14201;Âîáëåð Kosadaka Meta XS 95F GT;;;;2;4921775556744;4,5;;167
Âîáëåðû;14202;Âîáëåð Kosadaka Meta XS 95F GTR;;;;2;4921775556751;4,5;;167
Âîáëåðû;14203;Âîáëåð Kosadaka Meta XS 95F CNT;;;;1;4921775556737;4,5;;167
Âîáëåðû;14205;Âîáëåð Kosadaka Meta XS 65F PSSH;;;;2;4921775537842;4;;147
Âîáëåðû;14206;Âîáëåð Kosadaka Meta XS 65F CNT;;;;2;4921775537767;4;;147
Âîáëåðû;14207;Âîáëåð Kosadaka Meta XS 65F GTR;;;;2;4921775552012;4;;147
Âîáëåðû;14208;Âîáëåð Kosadaka Meta XS 65F PC;;;;3;4921775537835;4;;147
Âîáëåðû;14209;Âîáëåð Kosadaka Ultima XS 90F GT;;;;1;4921775554290;4;;147
Âîáëåðû;14210;Âîáëåð Kosadaka Ultima XS 90F CNT;;;;1;4921775554283;4;;147
Âîáëåðû;14211;Âîáëåð Kosadaka Ultima XS 90F PSSH;;;;1;4921775554368;4;;147
Âîáëåðû;14212;Âîáëåð Kosadaka Ultima XS 90F PNT;;;;1;4921775554351;4;;147
Âîáëåðû;14213;Âîáëåð Kosadaka Ultima XS 90F SBL;;;;1;4921775554375;4;;147
Âîáëåðû;14214;Âîáëåð Kosadaka Boxer XS 40F GT;;;;2;4921775534216;4;;147
Âîáëåðû;14215;Âîáëåð Kosadaka Boxer XS 40F GTR;;;;2;4921775551619;4;;147
Âîáëåðû;14216;Âîáëåð Kosadaka Boxer XS 40F MHT;;;;2;4921775534230;4;;147
Âîáëåðû;14218;Âîáëåð Kosadaka ION XS 130F GTR;;;;2;4921775554207;4;;147
Âîáëåðû;14219;Âîáëåð Kosadaka ION XS 130F CNT;;;;2;4921775554184;4;;147
Âîáëåðû;14220;Âîáëåð Kosadaka ION XS 110F NT;;;;1;4921775554139;4;;147
Âîáëåðû;14221;Âîáëåð Kosadaka ION XS 110F GTR;;;;1;4921775554108;4;;147
Âîáëåðû;14222;Âîáëåð Kosadaka ION XS 110F GT;;;;1;4921775554092;4;;147
Âîáëåðû;14223;Âîáëåð Kosadaka ION XS 110F PSSH;;;;1;4921775554160;4;;147
Âîáëåðû;14224;Âîáëåð Kosadaka ION XS 70F GTR;;;;1;4921775551459;4;;147
Âîáëåðû;14225;Âîáëåð Kosadaka ION XS 70F SBL;;;;1;4921775534513;4;;147
Âîáëåðû;14226;Âîáëåð Kosadaka ION XS 70F CNT;;;;1;4921775534476;4;;147
Âîáëåðû;14227;Âîáëåð Kosadaka ION XS 55F PNT;;;;1;4921775551404;4;;147
Âîáëåðû;14228;Âîáëåð Kosadaka FLASH XS 130F GTR;;;;2;4921775558250;4,5;;166
Âîáëåðû;14229;Âîáëåð Kosadaka FLASH XS 130F PSSH;;;;2;4921775558311;4,5;;166
Âîáëåðû;14230;Âîáëåð Kosadaka FLASH XS 130F MHT;;;;1;4921775558274;4,5;;166
Âîáëåðû;14231;Âîáëåð Kosadaka FLASH XS 110F PC;;;;2;4921775558397;4,5;;166
Âîáëåðû;14232;Âîáëåð Kosadaka FLASH XS 110F SBL;;;;2;4921775558427;4,5;;166
Âîáëåðû;14233;Âîáëåð Kosadaka FLASH XS 110F CNT;;;;2;4921775558335;4,5;;166
Âîáëåðû;14234;Âîáëåð Kosadaka FLASH XS 110F PNT;;;;2;4921775558403;4,5;;166
Âîáëåðû;14235;Âîáëåð Kosadaka VOLT XS 85F NT;;;;1;4921775558083;4;;147
Âîáëåðû;14236;Âîáëåð Kosadaka VOLT XS 85F GTR;;;;1;4921775558052;4;;147
Âîáëåðû;14237;Âîáëåð Kosadaka VOLT XS 85F CNT;;;;1;4921775558038;4;;147
Âîáëåðû;14238;Âîáëåð Kosadaka VOLT XS 85F GT;;;;1;4921775558045;4;;147
Âîáëåðû;14239;Âîáëåð Kosadaka VOLT XS 70F PSSH;;;;1;4921775558212;4;;147
Âîáëåðû;14240;Âîáëåð Kosadaka VOLT XS 70F MHT;;;;1;4921775558175;4;;147
Âîáëåðû;14241;Âîáëåð Kosadaka VOLT XS 70F NT;;;;1;4921775558182;4;;147
Âîáëåðû;14242;Âîáëåð Kosadaka Gravity XS 55S NT;;;;1;4921775557383;4;;147
Âîáëåðû;14243;Âîáëåð Kosadaka Gravity XS 55S GTR;;;;1;4921775557352;4;;147
Âîáëåðû;14244;Âîáëåð Kosadaka Gravity XS 55S PNT;;;;1;4921775557406;4;;147
Âîáëåðû;14245;Âîáëåð Kosadaka Gravity XS 55S CNT;;;;1;4921775557338;4;;147
Âîáëåðû;14246;Âîáëåð Kosadaka Gravity XS 55S GT;;;;1;4921775557345;4;;147
Âîáëåðû;14247;Âîáëåð Kosadaka Gravity XS 55S SBL;;;;1;4921775557420;4;;147
Âîáëåðû;14248;Âîáëåð Kosadaka VOX popper 50 MHT;;;;1;4921775554016;4;;147
Âîáëåðû;14249;Âîáëåð Kosadaka VOX popper 50 PSSH;;;;1;4921775554047;4;;147
Âîáëåðû;14250;Âîáëåð Kosadaka VOX popper 50 NT;;;;1;4921775554023;4;;147
Âîáëåðû;14251;Âîáëåð Kosadaka VOX popper 50 GTR;;;;1;4921775554061;4;;147
Âîáëåðû;14252;Âîáëåð Kosadaka VOX popper 50 CNT;;;;1;4921775553989;4;;147
Âîáëåðû;14253;Âîáëåð Kosadaka DECOY XS 75F MHT;;;;2;4921775558571;4,5;;166
Âîáëåðû;14254;Âîáëåð Kosadaka DECOY XS 75F GT;;;;1;4921775558540;4,5;;166
Âîáëåðû;14255;Âîáëåð Kosadaka DECOY XS 75F NT;;;;1;4921775558588;4,5;;166
Âîáëåðû;14256;Âîáëåð Kosadaka DECOY XS 75F GTR;;;;1;4921775558557;4,5;;166
Âîáëåðû;14257;Âîáëåð Kosadaka CORD-R XS 90F GT;;;;1;4921775554894;4,5;;166
Âîáëåðû;14258;Âîáëåð Kosadaka CORD-R XS 90F SBL;;;;1;4921775554979;4,5;;166
Âîáëåðû;14259;Âîáëåð Kosadaka CORD-R XS 90F PC;;;;2;4921775554948;4,5;;166
Âîáëåðû;14260;Âîáëåð Kosadaka TAKAO 70 PNT;;;;1;4921775554559;4,5;;166
Âîáëåðû;14261;Âîáëåð Kosadaka TAKAO 70 GTR;;;;2;4921775554504;4,5;;166
Âîáëåðû;14262;Âîáëåð Kosadaka TAKAO 70 SBL;;;;1;4921775554573;4,5;;166
Âîáëåðû;14263;Âîáëåð Kosadaka TAKAO 70 GT;;;;2;4921775554498;4,5;;166
Âîáëåðû;14264;Âîáëåð Kosadaka TAKAO 70 MHT;;;;2;4921775554528;4,5;;166
Âîáëåðû;14265;Âîáëåð Kosadaka TAKAO 70 HT;;;;1;4921775554511;4,5;;166
Âîáëåðû;14266;Âîáëåð Kosadaka TAKAO 55 MHT;;;;3;4921775554627;4,5;;166
Âîáëåðû;14267;Âîáëåð Kosadaka TAKAO 55 CNT;;;;1;4921775554580;4,5;;166
Âîáëåðû;14268;Âîáëåð Kosadaka TAKAO 55 GT;;;;2;4921775554597;4,5;;166
Âîáëåðû;14269;Âîáëåð Kosadaka TAKAO 55 GTR;;;;3;4921775554603;4,5;;166
Âîáëåðû;14270;Âîáëåð Kosadaka COSTA XS 60F MHT;;;;1;4921775557475;4;;147
Âîáëåðû;14271;Âîáëåð Kosadaka COSTA XS 60F GTR;;;;1;4921775557451;4;;147
Âîáëåðû;14272;Âîáëåð Kosadaka COSTA XS 60F PC;;;;1;4921775557499;4;;147
Âîáëåðû;14273;Âîáëåð Kosadaka COSTA XS 60F GT;;;;1;4921775557444;4;;147
Âîáëåðû;14274;Âîáëåð Kosadaka COSTA XS 60F PSSH;;;;1;4921775557512;4;;147
Âîáëåðû;14275;Âîáëåð Kosadaka GLIDE 70 MHT;;;;1;4921775554825;4;;147
Âîáëåðû;14276;Âîáëåð Kosadaka GLIDE 70 GT;;;;1;4921775554795;4;;147
Âîáëåðû;14277;Âîáëåð Kosadaka GLIDE 70 GTR;;;;1;4921775554801;4;;147
Âîáëåðû;14278;Âîáëåð Kosadaka GLIDE 70 CNT;;;;1;4921775554788;4;;147
Âîáëåðû;14279;Âîáëåð Kosadaka MAMBA XD 50F HT;;;;1;4921775534063;4;;147
Âîáëåðû;14280;Âîáëåð Kosadaka MAMBA XD 50F CNT;;;;1;4921775534056;4;;147
Âîáëåðû;14281;Âîáëåð Kosadaka INBORN XS 60F GT;;;;2;4921775553095;4;;147
Âîáëåðû;14282;Âîáëåð Kosadaka INBORN XS 60F GTR;;;;2;4921775553163;4;;147
Âîáëåðû;14283;Âîáëåð Kosadaka INBORN XS 60F MHT;;;;2;4921775553118;4;;147
Âîáëåðû;14284;Âîáëåð Kosadaka INBORN XS 75F NT;;;;1;4921775553026;4;;147
Âîáëåðû;14285;Âîáëåð Kosadaka INBORN XS 75F GTR;;;;1;4921775553064;4;;147
Âîáëåðû;14286;Âîáëåð Kosadaka INBORN XS 75F GT;;;;1;4921775552999;4;;147
Âîáëåðû;14287;Âîáëåð Kosadaka INBORN XS 75F CNT;;;;3;4921775552982;4;;147
Âîáëåðû;14288;Âîáëåð Kosadaka MASCOT XS 80F MHT;;;;1;4921775536814;4;;147
Âîáëåðû;14289;Âîáëåð Kosadaka MASCOT XS 80F NT;;;;2;4921775536821;4;;147
Âîáëåðû;14290;Âîáëåð Kosadaka MASCOT XS 80F SBL;;;;2;4921775536852;4;;147
Âîáëåðû;14292;Âîáëåð Kosadaka MYSTIC XS 95F PSSH;;;;2;4921775537941;4;;147
Âîáëåðû;14293;Âîáëåð Kosadaka MYSTIC XS 95F GTR;;;;2;4921775552036;4;;147
Âîáëåðû;14294;Âîáëåð Kosadaka MYSTIC XS 95F CNT;;;;1;4921775537866;4;;147
Âîáëåðû;14295;Âîáëåð Kosadaka VOX popper 60 CNT;;;;2;4921775553880;4;;147
Âîáëåðû;14296;Âîáëåð Kosadaka VOX popper 60 PNT;;;;1;4921775553972;4;;147
Âîáëåðû;14297;Âîáëåð Kosadaka VOX popper 60 PC;;;;1;4921775553934;4;;147
Âîáëåðû;14298;Âîáëåð Kosadaka VOX popper 60 GT;;;;1;4921775553897;4;;147
Âîáëåðû;14299;Âîáëåð Smith Camion SR 32mm 2,5g 20 F;;;;1;4511474126463;11,16;;456
Âîáëåðû;14300;Âîáëåð Smith Camion SR 32mm 2,5g 05 F;;;;1;4511474102337;8,82;;368
Âîáëåðû;14301;Âîáëåð Smith Camion SR 32mm 2,5g 30 F;;;;1;4511474149394;8,37;;342
Âîáëåðû;14302;Âîáëåð Smith Camion Magnum SSR 36mm 3,3g 55 F;;;;1;2000000143026;10,98;;449
Âîáëåðû;14303;Âîáëåð Smith Camion Magnum SR 36mm 3,1g 01 F;;;;1;4511474142586;10,98;;449
Âîáëåðû;14304;Âîáëåð Smith Camion Magnum SSR 36mm 3,3g 06 F;;;;1;4511474132631;10,98;;449
Âîáëåðû;14305;Âîáëåð Smith Camion DR 32mm 2,7g 31 F;;;;2;4511474149462;8,1;;298
Âîáëåðû;14306;Âîáëåð Smith Camion DR 32mm 2,7g 06 F;;;;1;4511474104980;8,1;;298
Âîáëåðû;14307;Âîáëåð Smith Camion DR 32mm 2,7g 22 F;;;;1;4511474126531;8,1;;298
Âîáëåðû;14308;Âîáëåð Smith Camion DR 32mm 2,7g 23 F;;;;1;4511474126548;8,1;;298
Âîáëåðû;14309;Âîáëåð Smith Camion DR 32mm 2,7g 03 F;;;;1;4511474104959;8,1;;298
Âîáëåðû;14310;Âîáëåð Smith Camion DR 32mm 2,7g 35 F;;;;2;4511474161389;8,1;;298
Âîáëåðû;14311;Âîáëåð Smith Camion DR 32mm 2,7g 29 F;;;;2;4511474149448;8,1;;298
Âîáëåðû;14312;Âîáëåð Smith Camion DR 32mm 2,7g 19 F;;;;2;4511474126500;8,1;;298
Âîáëåðû;14313;Âîáëåð Smith Camion DR 32mm 2,7g 28 F;;;;2;4511474142562;8,1;;298
Âîáëåðû;14314;Âîáëåð Smith Camion DR 32mm 2,7g 05 F;;;;2;4511474104973;8,1;;298
Âîáëåðû;14315;Âîáëåð Smith Camion DR 32mm 2,7g 30 F;;;;2;4511474149455;8,1;;298
Âîáëåðû;14316;Âîáëåð Smith Camion DR 32mm 2,7g 02 F;;;;1;4511474104942;8,1;;298
Âîáëåðû;14317;Âîáëåð Smith Camion Magnum SR 36mm 3,1g 695 F;;;;1;2216650357014;10,98;;449
Âîáëåðû;14318;Âîáëåð Smith Camion Magnum SR 36mm 3,1g 680 F;;;;1;2216650330017;10,98;;449
Âîáëåðû;14319;Âîáëåð Smith Camion Magnum SR 36mm 3,1g 691 F;;;;2;2000000143194;10,98;;449
Âîáëåðû;14320;Âîáëåð Smith Camion Magnum SR 36mm 3,1g 01 F;;;;1;4511474135137;10,98;;449
Âîáëåðû;14321;Âîáëåð Smith Camion Magnum SR 36mm 3,1g 09 F;;;;1;4511474135212;10,98;;449
Âîáëåðû;14322;Âîáëåð Smith Camion SR 32mm 2,5g 36 F;;;;1;4511474161334;9;;368
Âîáëåðû;14323;Âîáëåð Smith Camion SR 32mm 2,5g 22 F;;;;1;4511474126487;8,82;;361
Âîáëåðû;14325;Âîáëåð Megabass Griffon MR-X 45F 7.3ãð gg gill;;;;1;4513473271236;15,81;;470
Âîáëåðû;14326;Âîáëåð Megabass Griffon MR-X 45F 7.3ãð gg bass;;;;1;4513473026355;15,81;;470
Âîáëåðû;14327;Âîáëåð Megabass Griffon MR-X 45F 7.3ãð gg chart bac bass;;;;1;4513473271342;15,81;;470
Âîáëåðû;14328;Âîáëåð Megabass Griffon SR-X 45F 7.0ãð gg bass;;;;1;4513473019326;15,81;;470
Âîáëåðû;14329;Âîáëåð Megabass Griffon SR-X 45F 7.0ãð gp pro blue II;;;;1;4513473259425;15,81;;470
Âîáëåðû;14330;Âîáëåð Megabass Griffon SR-X 45F 7.0ãð table rock sp;;;;1;4513473257674;15,81;;470
Âîáëåðû;14331;Âîáëåð Megabass X-30 33F 1.2ãð gg kingyo;;;;1;4513473013287;13;;410
Âîáëåðû;14332;Âîáëåð Megabass X-30 33F 1.2ãð nc all-red;;;;1;4513473209574;13;;410
Âîáëåðû;14333;Âîáëåð Megabass X-30 33F 1.2ãð mat-co-chart;;;;1;4513473029769;13;;410
Âîáëåðû;14334;Âîáëåð Megabass X-30 33F 1.2ãð m orange-gold;;;;1;4513473209437;13;;410
Âîáëåðû;14335;Âîáëåð Megabass shading X-55 55SSP 3.0ãð GLX SUNSHINE GILL;;;;1;4513473332142;15,81;;470
Âîáëåðû;14336;Âîáëåð Megabass shading X-55 55SSP 3.0ãð MAT SHINKO;;;;1;4513473332135;15,81;;470
Âîáëåðû;14337;Âîáëåð Megabass Baby Griffon 38F 5.25ãð pm ayu;;;;1;4513473204289;15,81;;470
Âîáëåðû;14338;Âîáëåð Megabass Live-X Smolt 48SP 3.5ãð pm chiayu;;;;1;4513473029127;14;;410
Âîáëåðû;14339;Âîáëåð Megabass Live-X Smolt 48SP 3.5ãð gg bass;;;;1;2000000143392;14;;410
Âîáëåðû;14341;Âîáëåð Usami Nishin 65SP-SR 7ã, URO3, 0,8ì;;;;1;2500000008078;3,6;;147
Âîáëåðû;14342;Âîáëåð Usami Nishin 65SP-SR 7ã, 354, 0,8ì;;;;1;2500000008016;3,6;;147
Âîáëåðû;14343;Âîáëåð Usami Nishin 65SP-SR 7ã, 565, 0,8ì;;;;1;2500000007989;3,6;;147
Âîáëåðû;14344;Âîáëåð Usami Nishin 65SP-SR 7ã, UR11, 0,8ì;;;;1;2500000008092;3,6;;147
Âîáëåðû;14345;Âîáëåð Usami Daiba 40S 3,7ãð, 019UV , sinking;;;;2;2500000013034;3,6;;147
Âîáëåðû;14346;Âîáëåð Usami Daiba 40S 3,7ãð, 565, sinking;;;;2;2500000013089;3,6;;147
Âîáëåðû;14347;Âîáëåð Usami KAMA 70SP-MR 10,1ãð, 105, 1ì;;;;1;2500000012204;3,96;;162
Âîáëåðû;14348;Âîáëåð Usami KAMA 70SP-MR 10,1ãð, Ur03, 1ì;;;;1;2500000012242;3,96;;162
Âîáëåðû;14349;Âîáëåð Usami KAMA 70SP-MR 10,1ãð, 486, 1ì;;;;1;2500000012280;3,96;;162
Âîáëåðû;14350;Âîáëåð Usami Shirasu 38SP- SR 2,6ã, UR10, 0,3ì;;;;1;2500000003790;3,42;;140
Âîáëåðû;14351;Âîáëåð Usami Shirasu 38SP- SR 2,6ã, UR09, 0,3ì;;;;1;2500000009419;3,42;;140
Âîáëåðû;14352;Âîáëåð Usami Shirasu 38SP- SR 2,6ã, 574, 0,3ì;;;;1;2500000003820;3,42;;140
Âîáëåðû;14353;Âîáëåð Usami Kabu 25S-SR 2,6ãð, 336UV, 0,5ì;;;;1;2500000011894;3,15;;129
Âîáëåðû;14354;Âîáëåð Usami Kabu 25S-SR 2,6ãð, 567, 0,5ì;;;;1;2500000009822;3,15;;129
Âîáëåðû;14355;Âîáëåð Usami Kabu 25S-SR 2,6ãð, 593, 0,5ì;;;;1;2500000009884;3,15;;129
Âîáëåðû;14356;"Âîáëåð Usami Datsu 50F-DR 2.9ã, UR02, 0.8-1ì	";;;;2;2500000000799;3,06;;125
Âîáëåðû;14357;Âîáëåð Usami Datsu 50F-DR 2.9ã, 106, 0.8-1ì;;;;2;2500000000768;3,06;;125
Âîáëåðû;14358;"Âîáëåð Usami Datsu 50F-DR 2.9ã, 450, 0.8-1ì	";;;;1;2500000000690;3,06;;125
Âîáëåðû;14359;Âîáëåð Usami Enpitsu 53DW 2,6ãð, 447, topwater;;;;1;2500000011191;3,6;;147
Âîáëåðû;14360;Âîáëåð Usami Enpitsu 53DW 2,6ãð, 119UV, topwater;;;;1;2500000011856;3,6;;147
Âîáëåðû;14361;Âîáëåð Usami Enpitsu 53DW 2,6ãð, 458UV, topwater;;;;1;2500000011849;3,6;;147
Âîáëåðû;14362;Âîáëåð Usami Shirasu 58F- SR 5,1ã, UR06, 0,8ì;;;;1;2500000008757;3,24;;133
Âîáëåðû;14363;Âîáëåð Usami Purin 38F-SR 3,9ã, UR12, 0,5ì;;;;1;2500000010026;3,42;;140
Âîáëåðû;14364;Âîáëåð Usami Tobikera 40F-MR 3,3ã, UR09, 1,5ì;;;;1;2500000008665;3,06;;125
Âîáëåðû;14365;Âîáëåð Usami Tobikera 40F-MR 3,3ã, UR10, 1,5ì;;;;1;2500000003042;3,06;;125
Âîáëåðû;14366;Âîáëåð Usami Tesuta 55SS-SR 4,7ã, UR11, sinking;;;;1;2500000008573;3,33;;136
Âîáëåðû;14367;"Âîáëåð Usami Tesuta 55SS-SR 4,7ã, 345, sinking	";;;;1;2500000008542;3,33;;136
Âîáëåðû;14368;Âîáëåð Usami Shirasu 58SP- SR 5,2ã, UR10, 0,8ì;;;;1;2500000008870;3,51;;144
Âîáëåðû;14369;Âîáëåð Usami Shirasu 58SP- SR 5,2ã, 450, 0,8ì;;;;1;2500000008795;3,51;;144
Âîáëåðû;14370;Âîáëåð Usami Sukeru 60SP-MR 5,1ã, 565, 1,5ì;;;;2;2500000010163;3,33;;136
Âîáëåðû;14371;"Âîáëåð Usami Jir 110SP-SR 12,5ãð, UR 11, 0,7ì	";;;;1;2500000013362;5,04;;206
Âîáëåðû;14372;Âîáëåð Usami Jir 110SP-SR 12,5ãð, 565, 0,7ì;;;;1;2500000013317;5,04;;206
Âîáëåðû;14373;Âîáëåð Maria MC Wake 38F 38mm 4g VGG;;;;1;4510001525861;5,58;;228
Âîáëåðû;14374;Âîáëåð Maria MC Wake 38F 38mm 4g CRG;;;;1;4510001525786;5,58;;228
Âîáëåðû;14376;Âîáëåð Maria MC-1 SS38F 38mm 4,2g BGM F 0,3-0,8m;;;;1;4510001509816;6,21;;254
Âîáëåðû;14377;"Âîáëåð Maria MC-1 S38F 38mm 4,2g BBH F 1,5m	";;;;1;4510001497533;5,76;;236
Âîáëåðû;14378;Âîáëåð Maria MC-1 S38F 38mm 4,2g GBOH F 1,5m;;;;1;4510001494891;5,76;;236
Âîáëåðû;14379;"Âîáëåð Maria MC-1 S38F 38mm 4,2g HTM F 1,5m	";;;;1;4510001497571;5,76;;236
Âîáëåðû;14380;Âîáëåð Maria MP-1 55F 55mm 5g CTM;;;;1;4510001523751;5,58;;228
Âîáëåðû;14381;Âîáëåð Maria MP-1 55F 55mm 5g BBOM F;;;;1;4510001503135;5,58;;228
Âîáëåðû;14382;Âîáëåð Maria MP-1 55F 55mm 5g WSG F;;;;1;4510001503258;5,58;;228
Âîáëåðû;14383;Âîáëåð Flint;;;;10;2000000143835;1,84;;68
Âîáëåðû;14384;Âîáëåð Spinner;;;;10;2000000143842;1,63;;60
Âîáëåðû;14385;Âîáëåð EOS;;;;15;2000000143859;1,35;;50
Âîáëåðû;14386;Âîáëåð Gold Star;;;;13;2000000143866;0,54;;25
