Категория;назва;наявність;код;опт;роздріб
Добавки;            CZ Special Additive, Robin Red® Mix, 250g (острые специи - красный);63,000;CZ5937;2,92 EUR;130,816
Добавки;            Special Additive, Betaine, 250g (бетаин);58,000;CZ3056;1,36 EUR;60,928
Добавки;            Special Additive, Black Halibut Crush, 250g (черный палтус молотый);25,000;CZ3063;1,20 EUR;53,76
Добавки;            Special Additive, Groundbait Glue, 250g (клей для прикормки);55,000;CZ3094;1,27 EUR;56,896
Добавки;            Special Additive, Maggot Glue, 250g (клей для личинок);56,000;CZ3100;1,59 EUR;71,232
Добавки;            Special Additive, Red Halibut Crush, 250g   (красный палтус молотый);21,000;CZ3070;1,27 EUR;56,896
Добавки;            Special Additive, Spirulina Algae, 250g  (спирулина);52,000;CZ3087;2,00 EUR;89,6
Добавки;            Crumbs groundbait additive, 800 g (английская крошка);19,000;CZ3134;2,39 EUR;107,072
Добавки;            Bait Additives, Fish Meal, 1kg (рыбная добавка);;CZ2218;2,70 EUR;120,96
Добавки;            Bait Additives, Hemp Meal, 1kg (конопляная добавка);13,000;CZ2225;2,70 EUR;120,96
Добавки;            PV1 groundbait additive, 1 kg  (клей для прикормки);47,000;CZ8139;1,59 EUR;71,232
Добавки;            TTX groundbait additive, 800 g (кукурузный тортик);33,000;CZ8122;1,59 EUR;71,232
Добавки;            CZ Liquid Boilie Aroma, 50ml, banana (банан);5,000;CZ6149;3,00 EUR;134,4
Добавки;            CZ Liquid Boilie Aroma, 50ml, GLM (зелено губая ракушка);8,000;CZ6224;3,00 EUR;134,4
Добавки;            CZ Liquid Boilie Aroma, 50ml, liver (печень);;CZ6200;4,63 EUR;207,424
Добавки;            CZ Liquid Boilie Aroma, 50ml, mango (манго);4,000;CZ6163;3,00 EUR;134,4
Добавки;            CZ Liquid Boilie Aroma, 50ml, monster crab  (гигантский краб);;CZ6194;4,63 EUR;207,424
Добавки;            CZ Liquid Boilie Aroma, 50ml, pineapple (ананас);;CZ6156;3,00 EUR;134,4
Добавки;            CZ Liquid Boilie Aroma, 50ml, smoked sausage (копченая колбаса);2,000;CZ6170;3,00 EUR;134,4
Добавки;            CZ Liquid Boilie Aroma, 50ml, spice mix (микс из специй);;CZ6187;3,00 EUR;134,4
Добавки;            CZ Liquid Boilie Aroma, 50ml, squid-octopus  (кальмар-осьминог);;CZ6217;3,00 EUR;134,4
Добавки;            CZ Liquid Boilie Aroma, 50ml, strawberry (клубника);1,000;CZ6132;3,00 EUR;134,4
Добавки;            CZ Boilie Mix, 3kg, crazy fish  (бешеная рыба);3,000;CZ6101;9,92 EUR;444,416
Добавки;            CZ Boilie Mix, 3kg, hell spice (адсткие специи);10,000;CZ6125;9,92 EUR;444,416
Добавки;            CZ Boilie Mix, 3kg, robin red (перец-специи );9,000;CZ6095;9,92 EUR;444,416
Добавки;            CZ Boilie Mix, 3kg, sweet cream (сливки);15,000;CZ6118;9,92 EUR;444,416
Добавки;            Feeder Competition Feeder Fizz Tablets, 100g, cheese (сыр);58,000;CZ1808;2,74 EUR;122,752
Добавки;            Feeder Competition Feeder Fizz Tablets, 100g, fish mix (рыбный микс);56,000;CZ1815;2,74 EUR;122,752
Добавки;            Feeder Competition Feeder Fizz Tablets, 100g, pineapple (ананас);54,000;CZ1822;2,74 EUR;122,752
Добавки;            Feeder Competition Feeder Fizz Tablets, 100g, spicy garlic (чеснок);33,000;CZ1839;2,74 EUR;122,752
Добавки;            Feeder Competition Feeder Fizz Tablets, 100g, strawberry (клубника);35,000;CZ1792;2,74 EUR;122,752
Добавки;            Feeder Competition Method Attractor, 50ml, fish-halibut (рыба-халибут);43,000;CZ1976;0,79 EUR;35,392
Добавки;            Feeder Competition Method Attractor, 50ml, garlic (чеснок);34,000;CZ1969;0,79 EUR;35,392
Добавки;            Feeder Competition Method Attractor, 50ml, honey (мед);51,000;CZ1921;0,79 EUR;35,392
Добавки;            Feeder Competition Method Attractor, 50ml, pineapple (ананас);34,000;CZ1938;0,79 EUR;35,392
Добавки;            Feeder Competition Method Attractor, 50ml, spicy (специи);9,000;CZ1952;0,79 EUR;35,392
Добавки;            Feeder Competition Method Attractor, 50ml, strawberry (клубника);33,000;CZ1914;0,79 EUR;35,392
Добавки;            Feeder Competition Method Attractor, 50ml, sweet fruits (сладкие фрукты);23,000;CZ1945;0,79 EUR;35,392
Добавки;            CZ Aroma Plus Groundbait Additive, Banana, 100g (банан);68,000;CZ2417;0,65 EUR;29,12
Добавки;            CZ Aroma Plus Groundbait Additive, Caramel, 100g (карамель);1,000;CZ2400;0,65 EUR;29,12
Добавки;            CZ Aroma Plus Groundbait Additive, Cheese, 100g (сыр);;CZ2394;0,65 EUR;29,12
Добавки;            CZ Aroma Plus Groundbait Additive, Coco, 100g (кокос);45,000;CZ2448;0,65 EUR;29,12
Добавки;            CZ Aroma Plus Groundbait Additive, Fruit Mix, 100g (фруктовый микс);50,000;CZ2431;0,65 EUR;29,12
Добавки;            CZ Aroma Plus Groundbait Additive, Honey, 100g (мед);;CZ2363;0,65 EUR;29,12
Добавки;            CZ Aroma Plus Groundbait Additive, Pineapple, 100g (ананас);40,000;CZ2387;0,65 EUR;29,12
Добавки;            CZ Aroma Plus Groundbait Additive, Spice, 100g (специи);18,000;CZ2424;0,65 EUR;29,12
Добавки;            CZ Aroma Plus Groundbait Additive, Strawberry, 100g (клубника);;CZ2356;0,65 EUR;29,12
Добавки;            CZ Aroma Plus Groundbait Additive, Vanilla, 100g (ваниль);;CZ2370;0,65 EUR;29,12
Добавки;            Aroma Additive, big carp spicy, 250g  (со специями);27,000;CZ5596;1,11 EUR;49,728
Добавки;            Aroma Additive, bream - caramel, 250g (карамель);38,000;CZ5541;1,11 EUR;49,728
Добавки;            Aroma Additive, cheese - parmesan, 250g (сыр пармезан-Parmigiano);;CZ5558;1,11 EUR;49,728
Добавки;            Aroma Additive, feeder, 250g (фидер);16,000;CZ5602;1,11 EUR;49,728
Добавки;            Aroma Additive, fish-meat, 250g (рыба-мясо);;CZ8556;1,11 EUR;49,728
Добавки;            Aroma Additive, honey, 250g (мед);3,000;CZ5510;1,11 EUR;49,728
Добавки;            Aroma Additive, raspberry, 250g (малина);;CZ8549;1,11 EUR;49,728
Добавки;            Aroma Additive, roach, 250g (плотва);68,000;CZ5589;1,11 EUR;49,728
Добавки;            Aroma Additive, strawberry, 250g (клубника);15,000;CZ5527;1,11 EUR;49,728
Добавки;            Aroma Additive, vanilla, 250g (ваниль);;CZ5534;1,11 EUR;49,728
Добавки;            CSL Turbo Sauce, 500 ml, fish-meat (турбо соус, рыба-мясо);19,000;CZ4870;2,80 EUR;125,44
Добавки;            CSL Turbo Sauce, 500 ml, hot spice (турбо соус, острые специи);6,000;CZ4894;2,80 EUR;125,44
Добавки;            CSL Turbo Sauce, 500 ml, strawberry-fish (турбо соус, клубника-рыба);34,000;CZ4863;2,80 EUR;125,44
Добавки;            CSL Turbo Sauce, 500 ml,fruit coctail (турбо соус, фруктовый коктейль);34,000;CZ4887;2,80 EUR;125,44
Добавки;            Express Attractor, Crab-Mussel, 50 ml (краб-ракушка);3,000;CZ7521;0,63 EUR;28,224
Добавки;            Express Attractor, Feeder, 50 ml  (фидер);;CZ7552;0,63 EUR;28,224
Добавки;            Express Attractor, Fish-Meat, 50 ml (рыба-мясо);;CZ7538;0,63 EUR;28,224
Добавки;            Express Attractor, Honey, 50 ml (мед);2,000;CZ7576;0,63 EUR;28,224
Добавки;            Express Attractor, Scopex, 50 ml (скопекс);9,000;CZ7606;0,63 EUR;28,224
Добавки;            Express Attractor, Spicy, 50 ml (специи);;CZ7545;0,63 EUR;28,224
Добавки;            Express Attractor, Strawberry, 50 ml  (клубника);;CZ7569;0,63 EUR;28,224
Добавки;            Express Attractor, Sweet Corn, 50 ml (сладкая кукуруза);;CZ7613;0,63 EUR;28,224
Добавки;            Express Attractor, Tutti Frutti, 50 ml (тутти-фрутти);9,000;CZ7590;0,63 EUR;28,224
Добавки;            Express Attractor, Vanilla, 50 ml (ваниль);;CZ7583;0,63 EUR;28,224
Добавки;            Special Additives, fish oil, 200 ml  (рыбий жир);;CZ7422;2,32 EUR;103,936
Добавки;            Special Additives, hemp oil, 200 ml (конопляное масло);9,000;CZ5480;3,44 EUR;154,112
Добавки;            Special Additives, liver emulsion, 200 ml (печеночная эмульсия);;CZ5473;2,32 EUR;103,936
Добавки;            CZ Busa-Silver Carp Steam Tablets, 130g (пылящие таблетки на толстолоба);44,000;CZ1785;3,10 EUR;138,88
Добавки;            Amur Spice Mix, 250g (смесь специй для амуров);;CZ2455;0,79 EUR;35,392
Добавки;            Amur Spirulina Algae, 250g  (добавка – морские водоросли алгаи для амуров);;CZ2486;1,76 EUR;78,848
